"gene","baseMean","log2FoldChange","lfcSE","stat","pvalue","padj"
"SEC61A1",25151.6697314416,0.609828171519883,0.039230183471819,759.35430165178,4.8850082526645e-163,5.11118413476287e-159
"SEC24D",4343.55655223214,1.22920380067704,0.0745922189847178,714.314620508554,2.77092521708384e-153,1.44960952731741e-149
"SLC33A1",4569.21871697239,0.672551218326544,0.0512351920673888,559.170135497341,1.0612370632226e-119,3.70124113083269e-116
"PDIA4",25321.3049031855,0.443437586097321,0.0351650728848444,546.91420117506,4.75953635694803e-117,1.24497572256868e-113
"SSR1",12714.2254756856,0.685353458265611,0.0498785903784586,505.640213164194,4.03783733512597e-108,8.44957840748461e-105
"CREB3L2",11289.9707217385,0.770856191013139,0.0562382492441425,454.466033625193,4.70254719575483e-97,8.20045855153047e-94
"SERP1",9582.65075223606,0.532756229709316,0.0426884917795887,426.514884420861,5.18090393050991e-91,7.74397111784645e-88
"DNAJB9",1545.22788588684,0.741114521863858,0.0785629998648218,408.849186243704,3.40549053299849e-87,4.45395593084539e-84
"XBP1",8257.59128957666,0.377770509552849,0.0474352674062427,370.54136384402,6.42850057823637e-79,7.47348906112079e-76
"SSR3",17265.3390652605,0.772941331770498,0.0542955894255669,367.745680510073,2.58174425226082e-78,2.7012790111405e-75
"HSPA5",55463.4539107303,0.299358389200408,0.0390349789780255,327.741633124236,1.11931522469063e-69,1.06467229053983e-66
"ARMCX3",3237.07363860278,0.79378691951978,0.0696275143815975,316.947259609566,2.39037439426872e-67,2.08420727393614e-64
"STT3A",16580.1100129883,0.4029230558926,0.0389878124290845,284.586878863983,2.28544487576679e-60,1.8394315180883e-57
"ERN1",61737.8550524154,-0.453654771522655,0.054846286591443,279.002911200723,3.65568223999471e-59,2.73210023407605e-56
"SSR2",12197.962547525,0.530680117713038,0.0553089473855046,270.300490361326,2.74797462389879e-57,1.91680389932353e-54
"SRPRB",7302.08563818252,0.464088972953716,0.0525500642930485,257.329053723585,1.71603897300412e-54,1.12218223590888e-51
"TMED10",16485.7064197835,0.638196517545815,0.0506777135117366,255.249766738653,4.81440246912664e-54,2.96312311967483e-51
"SRPRA",9378.36431138227,0.487824352496374,0.0516727762019879,253.343766308673,1.23935407202931e-53,7.20408980869036e-51
"HSPA13",5784.41585218085,0.730522657694334,0.0708548175582975,238.49153325307,1.96015926337358e-50,1.07942875645673e-47
"LRRC59",17687.5513148582,0.332474952395336,0.0361828154159514,230.032725354414,1.29881592855706e-48,6.79475553024624e-46
"ARFGAP3",3115.08921220672,0.597392082258557,0.0666400977624319,229.122271584715,2.03958911937858e-48,1.01620099790753e-45
"PGM3",4310.06271571184,0.678420235299557,0.0670611296163874,224.676315018709,1.84728640776106e-47,8.78552622018362e-45
"CDC6",9245.60466182006,0.413420067973937,0.0446863858650829,212.28039044239,8.58719530847853e-45,3.90642715272221e-42
"HYOU1",17781.0444546099,0.242395670060619,0.037804993557544,209.102826715518,4.14345051566216e-44,1.80637178105721e-41
"TMEM39A",3015.8948996756,0.567166053022396,0.0687516056343082,202.100034453258,1.32845915053467e-42,5.55986723681772e-40
"UGDH",2578.98724952978,0.726068029595021,0.0760205404421451,200.961448419649,2.33431518887418e-42,9.39382300815023e-40
"ARF4",8791.30216034728,0.483111773997822,0.0489035418296159,197.345512570274,1.39811501331794e-41,5.41795458679465e-39
"PREB",7470.85031281637,0.377883871135049,0.0501440130230482,196.255328953245,2.39823462960969e-41,8.96168890343079e-39
"TRAM1",11161.0294206117,0.52371934113847,0.0467326643797618,194.083684538655,7.02546140091508e-41,2.53473802199222e-38
"CANX",85803.1137443185,0.441080005849166,0.043179329905502,189.443785069166,6.97936696237765e-40,2.43417055091191e-37
"MLEC",21590.0913413773,0.317963007826762,0.036697674682378,189.182088106293,7.94417376966408e-40,2.68128677909662e-37
"SELENOS",3717.44573198205,0.50220910582363,0.0590570562618702,188.025695498837,1.40773636476924e-39,4.60285799518144e-37
"GFPT1",4921.37963759176,0.501471842041372,0.0591324862772245,185.488641227776,4.93853681374425e-39,1.56581547521837e-36
"OSBP",6888.13643252741,0.3669508951297,0.0402058645870363,183.649795946955,1.22636003553185e-38,3.7739426622852e-36
"ALG2",2387.14021197313,0.491507766366309,0.0706423908433071,181.606762500581,3.36861409910616e-38,1.00702312339851e-35
"SURF4",15616.0535839389,0.335822730665146,0.0411891786397596,179.451450910114,9.78009334013193e-38,2.84247546160557e-35
"DNAJC3",4152.54911524544,0.53433064366186,0.0678954911321674,172.804355471098,2.61537060824754e-36,7.39584396597136e-34
"TMEM214",5609.08050067844,0.374348769756982,0.0503345589046225,159.950176895895,1.49834501879724e-33,4.12557471886197e-31
"SPCS3",10349.0264800406,0.606973599895861,0.0609873999264538,158.748105476475,2.71270618132667e-33,7.27770378851818e-31
"UFM1",2688.20854686945,0.548336103542172,0.0637746339259314,155.593035369613,1.2879787061758e-32,3.36903030067936e-30
"COPB2",13752.3271585236,0.424719880883855,0.0422332101497131,153.250002209103,4.09436413041956e-32,1.04486175357512e-29
"OSTC",5650.90596896563,0.664313683741073,0.0692548149857318,152.636186716991,5.54312051618478e-32,1.38089690382956e-29
"SEC23B",5890.51116396005,0.497780888210163,0.0591941182622036,152.478467011635,5.99183077481999e-32,1.45796570690562e-29
"MTDH",16672.7244319031,0.438376707569082,0.0470829762018495,150.336842812253,1.72402803936962e-31,4.09966031271007e-29
"SLC1A4",886.067826985903,0.577825706511805,0.0906481174490507,149.65102930471,2.41828369444204e-31,5.62277828776602e-29
"USO1",9181.94884614489,0.530813651428454,0.0569758497104814,146.777175846803,9.9826890843771e-31,2.2706277367356e-28
"PLPP5",828.162014677072,1.05933709953332,0.13110293163667,145.554600493688,1.8244957409729e-30,4.06163807187222e-28
"TMED2",17150.5865054837,0.3065454265555,0.033517943014895,145.395561500101,1.97337391800576e-30,4.30154402168631e-28
"SRP68",12881.3034169439,0.328688161665673,0.0438386930445125,140.996815112607,1.72674013864367e-29,3.68711878992423e-27
"ERLEC1",2822.86874770959,0.573338367944255,0.0714278454780659,140.908494872192,1.80358727032054e-29,3.77418672187276e-27
"MESD",5085.59156287897,0.434451478188466,0.0492791526637284,138.943495785108,4.7513638096715e-29,9.74774892952802e-27
"TXNDC11",2465.80874954723,0.296497208340101,0.0624228296816007,131.117332499422,2.24614411429136e-27,4.51950112842894e-25
"SEC24C",8221.20067374222,0.285456511392866,0.0432664953817127,130.835094512827,2.58108935878475e-27,5.09545999263487e-25
"PDIA3",16841.3065706458,0.333613923286843,0.0432064016940875,128.363699877683,8.71572292209406e-27,1.68875201729389e-24
"HERPUD1",3103.5851453824,0.0684812932769617,0.0655156120531441,128.188919855166,9.4989097407657e-27,1.8070380475933e-24
"GORASP2",8623.40011913614,0.299032951356256,0.0439490036039307,128.055741528063,1.01425830642681e-26,1.89503297502566e-24
"ENTPD7",2911.25494978794,0.584869804649329,0.0634102123477355,125.424264458832,3.70415510805752e-26,6.79939910449225e-24
"GMPPB",2696.92034378513,0.399965275449336,0.0839173211010796,124.326613509025,6.35746178032956e-26,1.14686418288945e-23
"MANF",4650.44359575369,0.273662302946684,0.0641785648424512,119.050152947471,8.52163835417248e-25,1.51121867965605e-22
"PRRC1",6163.3217086091,0.3733620225443,0.0565915309386995,117.891147706375,1.50667528723893e-24,2.62739058839682e-22
"ERGIC1",5373.14185075079,-0.343265848672419,0.0606928480839161,116.787443258691,2.59220567902655e-24,4.44627016715653e-22
"GOLPH3L",2966.01792316611,0.515108108537866,0.0698712464238476,115.572220662916,4.71070467115032e-24,7.94969402810416e-22
"MIA3",5226.33476155469,0.477492967584204,0.0587646335286277,115.315958439854,5.34299643558308e-24,8.87361455642949e-22
"DYRK1A",2723.21601143976,0.55337404520219,0.0630234170022219,114.421716408832,8.29170760676159e-24,1.35556463577416e-21
"COPG1",6134.62186237918,0.220970672896775,0.0511094813816309,113.104884581531,1.58361691901116e-23,2.54913597286366e-21
"COG3",2028.3293811217,0.614630962821848,0.0885979309280541,110.233620974399,6.48882892525117e-23,1.02867601583186e-20
"NUCB2",3653.67056208265,0.734964146317269,0.0968921419599584,109.730902795337,8.30578190478096e-23,1.29706561298094e-20
"SEC61G",2857.48380736262,0.743259275742692,0.0894642546765831,108.762419623687,1.33629732255241e-22,2.05612924792145e-20
"SLC25A3",16118.6270904848,-0.19748989752952,0.0356348784035213,104.774308141473,9.462041202153e-22,1.43480198692937e-19
"STX5",2651.93840796856,0.338991311796555,0.0665101398634465,104.689709090329,9.86304581069268e-22,1.47424354738968e-19
"HSP90B1",50165.4003659326,0.374147217009708,0.0534374320596001,103.081040871983,2.17135458737172e-21,3.19984268277046e-19
"PRKCSH",11122.9621555482,-0.423909039941371,0.0569479888022782,102.037943799787,3.62162764056429e-21,5.26292916711447e-19
"EDEM3",4765.4828356621,0.524202389943279,0.0618749713934986,100.798104467944,6.65158021108463e-21,9.53362791076418e-19
"RAB1A",7830.40549575475,0.35832068268191,0.0455972048915396,99.159985995205,1.48477755300546e-20,2.09935507258056e-18
"LMAN1",11263.5167805114,0.415240857438362,0.0549626113577234,97.6694393459993,3.08235560097468e-20,4.30009155373307e-18
"FKBP14",2678.58663726001,0.58849389436356,0.088068208094934,97.1601991818166,3.95583539627568e-20,5.44604023042532e-18
"DDX6",10205.7846767727,0.592038168124834,0.0696071427794206,96.0864476158758,6.69378898806889e-20,9.09572911456686e-18
"MGAT4B",3005.63642611132,-0.450505295148706,0.0735176939428222,94.4545909140446,1.48846660580468e-19,1.99664437135055e-17
"ARCN1",18070.1637099115,0.306959960220248,0.0418116868007188,91.4248589240041,6.55807811429427e-19,8.68571788732417e-17
"SNHG16",7695.7188577284,1.28126390420258,0.1654135929863,91.0200734069726,7.99445515534184e-19,1.04557480362927e-16
"PTPRF",12603.6937297535,-0.529535572058438,0.0641908956392487,90.1055777863558,1.25048453457549e-18,1.61528638089671e-16
"BET1",1438.70600123224,0.546942983260078,0.0760166128855525,90.0282838764021,1.29866721374293e-18,1.65706768992588e-16
"MAN1A1",5291.99115477142,0.383366701941528,0.0534218081948354,89.9927735848228,1.32142107158342e-18,1.66578658698522e-16
"TSPYL2",2321.07168143396,0.46045207752847,0.0840861040762478,89.3735493158736,1.78883733837217e-18,2.22816727040333e-16
"GRPEL2",3105.63051645494,0.658674278079435,0.0797966557980309,89.1089959808113,2.03591032034242e-18,2.50608584491091e-16
"MGAT2",4575.38747289304,0.21685249631142,0.051591313052499,88.7179337340918,2.46495287510469e-18,2.99893045723492e-16
"DNAJC10",8090.85579757758,0.424508991566951,0.0595013774364564,87.0720352463239,5.51136485359651e-18,6.58847891724018e-16
"TMED7",3467.0549532504,0.562168642694539,0.0772970234213568,87.0609529829579,5.5412992900424e-18,6.58847891724018e-16
"EIF2AK3",1148.2380263782,0.432824733180583,0.0898151001105012,86.5643310799093,7.06355274202984e-18,8.30403958874811e-16
"GOLM1",8559.87540081217,-0.151552047251013,0.0437822235684443,85.7141148681137,1.07017779435007e-17,1.24414114025387e-15
"TMEM263",5033.78282508033,0.548266788237456,0.0739773264492422,85.2235952141043,1.35998908627392e-17,1.56368855051473e-15
"HOXA11",2967.88714250373,0.239986111821808,0.0660130491587748,84.6358684788079,1.81226795807428e-17,2.06106083101426e-15
"RCN2",5489.96238244467,-0.0817556134270056,0.0497985754129929,84.1322281150298,2.31768535188964e-17,2.6075206276152e-15
"WFS1",2581.97970646367,0.191507187692589,0.0865262670612406,82.1674556507928,6.04892099990952e-17,6.73296387468652e-15
"AMIGO3",996.444137857524,0.219036003234142,0.10459525892588,80.905093904598,1.12003939822578e-16,1.23357602354067e-14
"CLCC1",3960.9928269565,0.480692463795712,0.0681479005027591,80.2881131954619,1.51343874197442e-16,1.64185675996876e-14
"NID1",10089.9162375029,-0.303267177819683,0.056393726116439,80.2763798807279,1.52212659578486e-16,1.64185675996876e-14
"CALU",15013.0602138216,0.416794294135439,0.0547346691682903,80.127141870714,1.63707633620456e-16,1.74782956180697e-14
"FNDC3B",1941.63372555474,0.549154007016303,0.0859899241519097,77.9191004167857,4.80510539767971e-16,5.0783654319114e-14
"POMK",687.830004031464,1.17477856873651,0.159273018850992,76.8351329329646,8.149907583724e-16,8.52724830485042e-14
"LYSMD3",3531.4649821185,0.45447367187333,0.0823614215095577,76.5928113928583,9.17138992697581e-16,9.50101512930177e-14
"IRGQ",2345.63352226847,0.729383798579915,0.0977978728924997,75.7737925520663,1.3668891385454e-15,1.40213343692162e-13
"GOLGB1",5605.0048491139,0.379700892836963,0.0715562941194857,74.2940708023912,2.81001280258158e-15,2.85448193722438e-13
"MORF4L2",28458.1311253476,0.268388461252228,0.0435449081928128,73.7768302359877,3.61469207641841e-15,3.63658876880441e-13
"SRP19",2561.56930846588,0.320131081156746,0.0642804719643678,73.3926396972652,4.35802520106918e-15,4.34266835036065e-13
"VMA21",6540.63492447546,0.63588786580408,0.0841167032003647,71.7966491415666,9.47463255325338e-15,9.35217739666888e-13
"UBE2J1",4839.97486481263,0.384840913170426,0.0551741185994561,71.4945558706709,1.09743706428724e-14,1.07312934613434e-12
"RPL36AL",5810.33278809923,0.453876638476904,0.0644004145704537,70.8951283861653,1.46888225244901e-14,1.42266503629696e-12
"SEC63",8692.54466831831,0.453975000053683,0.0643565971362216,70.8767280287288,1.48208438264712e-14,1.42266503629696e-12
"SHCBP1",2998.23797609334,0.25336919208776,0.0521990364710928,70.7998485753492,1.5385396831864e-14,1.46343097319812e-12
"SLC3A2",9941.53352079596,0.137008580382261,0.0539056828785954,69.9855875639836,2.28580044147926e-14,2.15462432605382e-12
"SND1",19244.9779227265,0.234996656117305,0.046854635635546,69.9219588348428,2.35760513388816e-14,2.20246629605998e-12
"CLEC2D",3434.70818499831,0.623450762113254,0.0884484264949632,69.5933410142904,2.76592655818953e-14,2.56105217507407e-12
"YIF1A",2283.1462439162,-0.477965155444601,0.106252322206513,69.3956896001009,3.04480487632186e-14,2.79454328253997e-12
"RDH11",3360.36853151334,-0.046475189394964,0.0859482337949886,69.0687503412151,3.56911145958755e-14,3.24727071318822e-12
"SYVN1",2873.14368463368,0.12530785749748,0.0781249248160343,68.2237995755249,5.38077067718667e-14,4.85336237891415e-12
"MEGF8",6346.02896803337,-0.534429343685913,0.080513792762753,67.0659215007591,9.44178266116697e-14,8.4435360669906e-12
"FNDC3A",4977.70458037874,0.373081967608049,0.062580579371254,66.7711423968992,1.08944897942367e-13,9.6600887048389e-12
"SLC30A5",5221.29378358251,0.337826335162393,0.055831870429302,65.3054316977684,2.21883907875275e-13,1.95090027571345e-11
"UQCRB",5728.60295564287,0.365099024184208,0.0607422213185894,64.9569262965625,2.62753304854604e-13,2.29098985724477e-11
"HM13",7406.24381500275,0.133702913112962,0.0478351215113102,64.743652850966,2.91389830169079e-13,2.51967916781741e-11
"SRRM1",9372.00064711659,0.579589020790547,0.0812401573786169,64.6870147473338,2.99505293903286e-13,2.56862613943449e-11
"PDE4DIP",4751.83533864009,0.251254564607765,0.0514788206811271,64.4844026721769,3.30430137318295e-13,2.81080530631002e-11
"ARF1",42970.3689546682,0.119204249566665,0.0484510483276504,64.060983094462,4.05741382942862e-13,3.42360652397675e-11
"NOTCH3",1668.95562144211,-0.370592507242051,0.100534983105535,64.0015055343857,4.17612512937865e-13,3.4955837782951e-11
"RPL37",15133.061981219,0.387909917897027,0.0588440775841519,63.5373169749184,5.23004690308139e-13,4.34301434499529e-11
"EPS15",3552.92361538721,0.326354143195404,0.0500841035896491,63.2200658494087,6.09941755399897e-13,5.02505558011742e-11
"GMPPA",2843.37657522261,0.28769230979482,0.0846589483243039,62.7246752123506,7.75442718428461e-13,6.3386384085289e-11
"TBC1D9B",8640.69290469504,-0.240952160795841,0.0544284517424787,62.4947383043556,8.6683071673622e-13,7.03073627070626e-11
"ANKRD36BP1",959.965076502754,0.93505227766418,0.135366003625365,62.390162864855,9.1188022828972e-13,7.33923294507334e-11
"SLC10A7",975.740385509259,0.668953766117231,0.127353080002467,61.6692300505941,1.29299380838686e-12,1.03271711581311e-10
"RWDD2A",502.323249103085,0.434768628611545,0.12235481168556,61.4657171912987,1.42691563052082e-12,1.1310468365257e-10
"SUCO",4136.62849835569,0.401084842179947,0.0629629260951401,60.7001842931915,2.0670990013216e-12,1.62616968803217e-10
"PIGT",3508.86492703273,-0.306220128736175,0.0525402852538865,60.4686795680018,2.31220000770645e-12,1.80541408064423e-10
"LAMA5",1936.87367318002,-0.535024904302241,0.0813187424314373,60.0609328723848,2.81658227261072e-12,2.18295557913526e-10
"SLC25A1",3790.80299725975,-0.34909995419961,0.0861819766352078,60.0180488037593,2.87563921706843e-12,2.21233920060198e-10
"CELF1",8750.73676253188,0.386994989031646,0.0550134479898918,58.9820368119934,4.74662990088665e-12,3.62510866080124e-10
"COL6A1",3070.22514754051,-0.596984362525674,0.10160636973722,58.7342462509529,5.35086664501462e-12,4.05696505121652e-10
"TM9SF3",14091.5423188767,0.304164316293862,0.0475660963378469,58.3083304070012,6.57437144272382e-12,4.94875168382873e-10
"ACBD3",6747.77128399283,0.298941377182992,0.048268499166654,57.2287340242941,1.10774744696833e-11,8.27882966973542e-10
"ERGIC3",6790.65622973959,-0.344657485330295,0.0556397373967072,57.1031877235936,1.17701296243185e-11,8.73410399001731e-10
"SCFD1",3809.94490426319,0.391085455545546,0.0722378134214105,56.997133229529,1.23888413210406e-11,9.12848216493293e-10
"EVI5",2184.85931632773,0.551033210344802,0.0933136992824315,56.5074832308968,1.56941335682593e-11,1.14830573094194e-09
"CNPY2",3002.56774719268,-0.274731544123898,0.0691771968896506,56.399171340295,1.65368291886887e-11,1.20156141528646e-09
"CDK2AP2",2366.96539232486,0.197245826562837,0.136811927938043,56.3236872946019,1.71506933091702e-11,1.23757037306102e-09
"LIN7C",2812.86024225319,0.546113650822641,0.0907024264752328,55.2280486328871,2.91045278367447e-11,2.08575804627301e-09
"SLC38A10",2325.18043072744,-0.189773571966349,0.09685112291533,54.9429929718915,3.33957315362618e-11,2.37700366710141e-09
"MBNL2",1143.00567109734,0.336007526944184,0.0808282905996015,54.7782518460536,3.61581139142849e-11,2.55623206679164e-09
"TMEM165",2182.01420583036,0.163183755793308,0.103540939255617,54.6574839542667,3.83270550746513e-11,2.69138239762467e-09
"CTSB",3053.35141493777,-0.291550552476048,0.0619509215272341,54.3522548501261,4.4405741097517e-11,3.0974484606888e-09
"DNAJC12",976.536059424212,0.629859885193904,0.114331247407758,54.2596958682728,4.64327207115951e-11,3.21738779341338e-09
"NFXL1",1744.12261955145,0.323623742940929,0.0793870073323834,54.211789662831,4.75178590001774e-11,3.27091683367668e-09
"TCEAL9",3447.90417205108,0.426349551846286,0.0786659992884741,53.97287424679,5.33196001864951e-11,3.64629396569476e-09
"DNAJB11",4349.5880651295,0.271406104171835,0.0607624591892353,53.9251225014366,5.45613841473709e-11,3.70698546970092e-09
"PRKAR1A",10690.0201765544,0.340367708342674,0.0510087585776024,53.3535382265057,7.18690277740147e-11,4.85139121031946e-09
"NEFM",5746.79611280092,0.245444653118795,0.0600918354310634,53.3167502733473,7.31545670539625e-11,4.90651432747186e-09
"APMAP",3782.86350103276,-0.217696735983371,0.0674792370094679,52.909751214846,8.90047090000783e-11,5.93156860043197e-09
"CD59",2392.27033081035,-0.0784692450995935,0.0865340696674475,52.8786375776629,9.0348941748258e-11,5.9830441614685e-09
"RPL26",18529.2553988644,0.30339141539023,0.0599173680787765,52.8464718890633,9.17599430877709e-11,6.00052677829592e-09
"UBXN4",6310.78245984054,0.286939599372077,0.0580879613480849,52.8574693604432,9.12750623411256e-11,6.00052677829592e-09
"DNAJB4",1703.90622918545,0.438105341211605,0.0850871328908365,52.7445001806,9.63801970187387e-11,6.26351553668983e-09
"TGOLN2",4736.56594498683,0.225010405849043,0.0648883701238026,52.2580878350842,1.21824572994769e-10,7.86821300768065e-09
"CD81",9373.67500065941,-0.389030222067463,0.0602149994932808,51.8164422861635,1.5069106764764e-10,9.67288736685434e-09
"CLSPN",6112.74760007068,0.446462450495481,0.0719604553827106,51.762580953071,1.54649484021067e-10,9.86644848361236e-09
"ERO1B",1372.36871696361,0.415993664512727,0.0962920395606476,51.3966257512553,1.84437124269607e-10,1.16955492801994e-08
"RPS24",28895.231662636,0.24429925128566,0.0504786573021431,51.2416048023421,1.98722955250463e-10,1.25255318119614e-08
"CTSA",2457.89879754471,-0.348533929001675,0.0674770264010014,50.8621663255121,2.38526082102715e-10,1.49443017786869e-08
"COL18A1",3004.46490649605,-0.4907170464751,0.0806629164112363,50.806237431716,2.45030951794918e-10,1.52604693370847e-08
"RRBP1",5386.59516867719,0.0955263529694066,0.0565437254340569,50.389381992386,2.99431859127689e-10,1.85381984736865e-08
"P4HB",33351.1370712969,0.1100262571565,0.049254344608915,50.1104293954351,3.42415306458956e-10,2.10746550087062e-08
"HSD17B4",7503.53905813431,0.29831156827884,0.0484301373910106,49.958793183272,3.68311228140722e-10,2.25359086551835e-08
"PAQR3",3402.63721975015,0.0249188131336946,0.0607076579749745,49.5540652267832,4.47408652868599e-10,2.72164926451404e-08
"SLC39A10",5289.33570009571,0.3677525134688,0.0603911563845243,49.4881391571944,4.61811052561841e-10,2.79302256818182e-08
"SEC31A",11271.7629880993,0.226258012472699,0.0458999953068626,49.3916361939645,4.83732117690072e-10,2.90878686631679e-08
"PTPRU",4239.73108558416,-0.417231244218452,0.0723742609038786,49.3493070768155,4.93672251807094e-10,2.95159586894721e-08
"TMEM41B",2549.11102378001,0.56864994625421,0.0857502336399376,49.3079772833767,5.03574434990749e-10,2.99369279165239e-08
"PJA2",5666.53226761076,0.378094615659636,0.0687255357563697,49.0954204070388,5.5772087032353e-10,3.29685506564695e-08
"ERO1A",5272.44997679482,0.379521539207838,0.0587417673074471,48.9683538401993,5.92826598629481e-10,3.48468803452823e-08
"GOLGA4",5718.5562362758,0.391275893889121,0.076801918779251,48.3656003891076,7.91858053916649e-10,4.61243174451915e-08
"PTK7",3040.26336789342,-0.250084147341059,0.0840395820291548,48.3612896438113,7.93498723132417e-10,4.61243174451915e-08
"COX7B",3693.37928662722,0.415467083866493,0.0899093560372446,48.2967751511787,8.18462289067203e-10,4.73125465774041e-08
"PLPPR2",1438.31081516445,-0.528785683222301,0.112842632590405,48.0992164768962,8.99888679028107e-10,5.17337101575334e-08
"LARP1B",2198.00669314713,0.43805721904887,0.0852289215128964,48.0522882302252,9.20390506764075e-10,5.26232014878279e-08
"MYDGF",5326.28702472287,0.228134281771223,0.0847470595660992,47.9024654780197,9.89017084776534e-10,5.62395965109613e-08
"ARPP19",7944.01065796802,0.387437424239637,0.0646635409237088,47.4796846924989,1.21147483006878e-09,6.85170872811335e-08
"TMEM132A",2699.01540012286,-0.525798500459756,0.0824867875174296,47.1991689550939,1.38598476831899e-09,7.75484418765862e-08
"RNF130",2808.67767538452,-0.2107214546714,0.0578341940215631,47.2065883478422,1.38106094774786e-09,7.75484418765862e-08
"CKAP4",7585.99758873422,0.155979907649881,0.0468960026438365,47.1824652632175,1.39713426847241e-09,7.7756467292696e-08
"GPAA1",4144.93758011024,-0.361706534202877,0.0740152515191314,47.167493914025,1.40720351416689e-09,7.79024887234293e-08
"COLGALT1",7146.22349763728,-0.295754642923138,0.0591313769079466,47.0913669577362,1.45953569957257e-09,8.0254221905873e-08
"SEC61B",3471.74634165404,0.237887743777015,0.0690684229636566,47.0835402211234,1.46502498174728e-09,8.0254221905873e-08
"GGH",2727.65241276547,-0.168753235086175,0.0606046145374713,46.1695789144632,2.27062898292987e-09,1.23324658436189e-07
"ZNF280C",2049.59032060683,0.617369273206424,0.100414481863715,46.1657119832836,2.27484077971753e-09,1.23324658436189e-07
"STT3B",12493.5633946987,0.223704133456753,0.0452723019386482,45.5955770263708,2.98939187523284e-09,1.6122684118846e-07
"COL4A1",1418.73859769447,-0.409665430347999,0.102489984863401,45.5826883330857,3.00790401132016e-09,1.61393331643296e-07
"FGFR3",3707.88978031669,-0.422202018813428,0.0816321049844064,45.4783906352946,3.16197873083053e-09,1.68794813574897e-07
"SIKE1",6109.91919132009,0.412585052275517,0.067546468527739,45.3246167016437,3.40362453444687e-09,1.807722005275e-07
"COMT",2899.8516241714,-0.397645440664921,0.0770226328827587,45.1486726347909,3.70279594727662e-09,1.95053581743884e-07
"ABCA2",1666.35320063513,-0.447615548128489,0.0829403845443641,45.1447242938066,3.70980242445119e-09,1.95053581743884e-07
"FAAP100",3016.64041824878,-0.340829291085182,0.0787633978549362,44.4580491662175,5.15333362043851e-09,2.69596648353241e-07
"PGAP6",2581.3289480955,-0.582239577758217,0.111386735243988,44.3276692692162,5.48503466011491e-09,2.85521978352151e-07
"SLC7A5",14855.2080010347,-0.328348312088109,0.0627867435537142,44.2750838736951,5.62477186819343e-09,2.91346475529247e-07
"CCDC134",2495.80088714272,0.518997752522881,0.0842480698736045,44.2215509596195,5.77067660891135e-09,2.97431474675071e-07
"MAP2K2",6432.42850757704,-0.44145317558484,0.0777150759141459,44.2057221313813,5.81453743980634e-09,2.98223064866146e-07
"MRC2",1242.75822958262,-0.63545896457449,0.114896326795359,44.0421744506941,6.28766164081332e-09,3.20916115843072e-07
"CHORDC1",10102.4686848362,0.29681713078522,0.05469486170875,43.9269339365083,6.64392849335594e-09,3.37453513718365e-07
"GRN",4771.00652907074,-0.572313012033081,0.108537743082301,43.7914300769879,7.08869013529931e-09,3.58304178191482e-07
"COPA",16248.9576170206,0.124822383105103,0.0365725735575712,43.7673517706872,7.17077519004995e-09,3.60710676987946e-07
"RAD23B",12935.2511255383,0.223228921641797,0.0363862017317704,43.6969686039156,7.41619644759861e-09,3.7127111689581e-07
"CELSR1",2113.10881173808,-0.460366429092814,0.102714422331991,43.5173210906702,8.08128623915508e-09,4.02640466287045e-07
"TXNDC15",1927.86135511201,0.336536485944364,0.0766924464319517,43.3058915177751,8.94066505279403e-09,4.4334681728618e-07
"TMED5",9790.92908332822,0.4064755649044,0.0711429764787324,43.0713663108484,1.00009756427654e-08,4.9179153388076e-07
"XPOT",19833.9294248533,0.253829923564888,0.0451029520577399,43.0691396527357,1.00116215919528e-08,4.9179153388076e-07
"SCARF2",1767.41810679772,-0.543991687229192,0.103320302901696,42.9431245732931,1.06329126936126e-08,5.19869932304995e-07
"RPS27",2318.26767266115,0.334265818718937,0.0974984318293386,42.6522138901934,1.22180650776707e-08,5.94593557710085e-07
"TELO2",4839.6119399525,-0.475626501978463,0.0881599789233957,42.6250799722739,1.23774306142817e-08,5.99560446839026e-07
"THAP5",2139.06426546056,0.37527729024359,0.0865296488428276,42.5675634331566,1.27221333107154e-08,6.13417884009287e-07
"SELENOK",2563.42875620078,0.281917491343128,0.076502545180844,42.5522122337532,1.28157431595671e-08,6.15096883846562e-07
"KTN1",11768.563352277,-0.0027659891895055,0.0513704380294315,42.5043695639552,1.31119135891548e-08,6.26438136453548e-07
"DNAJC25",733.052896730129,0.55099469190672,0.11378834210842,42.2515520923035,1.47941681116885e-08,7.03597186148169e-07
"PLEC",5849.09338997508,-0.445661772169637,0.0821012622459476,42.1286339902265,1.56882265514245e-08,7.4274169415183e-07
"SCAF1",7587.45317558153,-0.414299966039964,0.0780958347274188,42.0702194015038,1.61318118365212e-08,7.60302465069918e-07
"CLPTM1",6707.22323762209,-0.40785923523141,0.071146816511348,41.9618852877773,1.69878609554839e-08,7.97058247431514e-07
"HNRNPA1L2",1196.69955655007,-0.469039775444608,0.101768356607041,41.886693039658,1.76085273083112e-08,8.22491166191338e-07
"GNAS",47643.7707260146,-0.278903829604322,0.046171172708966,41.5871515764761,2.03138980837787e-08,9.44641402891451e-07
"POU2F1",4634.99320770729,0.397814246816519,0.0765010208677636,41.4772236205557,2.14075583190672e-08,9.91094171205309e-07
"TXNDC12",3076.70299389994,-0.0248604984815645,0.060731808689471,41.2901940187448,2.34049558943342e-08,1.07879318732343e-06
"UAP1",5487.89848126618,0.206524625319287,0.0560745449990984,41.0673180570634,2.60293319897051e-08,1.19449517810651e-06
"ISYNA1",3010.89449230561,-0.488267900874848,0.0832161379756385,41.0313801220536,2.64791654724328e-08,1.20983191414002e-06
"ATAD3A",3476.13030046866,-0.401771216770149,0.0751111810599171,40.998538844393,2.68970164802887e-08,1.22358036275331e-06
"CBX1",7186.71348634068,0.161755222983178,0.038617958774181,40.8953023400202,2.8253852041575e-08,1.27974049312121e-06
"ATP6AP1",8164.36149041868,-0.248263425313758,0.0517661262677622,40.840658795616,2.89994505161698e-08,1.30785021875295e-06
"NOC2L",12453.442060236,-0.291678691752213,0.0491674386944685,40.8144986303533,2.93633159803648e-08,1.31857671717836e-06
"VAC14",2934.26522548358,-0.317319361836996,0.0688670746425114,40.7758654029589,2.99090169746987e-08,1.33734207096698e-06
"SRM",9787.35251235817,-0.391740844739176,0.071421014831776,40.5947531781834,3.26052444506483e-08,1.45169647951972e-06
"DFFA",5183.87201416792,-0.276188619008713,0.0486606393658087,40.5588684572388,3.31675731223826e-08,1.46974933677231e-06
"RPL34",14365.2829271338,0.242171919731303,0.0515491214066974,40.5510319604332,3.3291655626019e-08,1.46974933677231e-06
"LIX1L",3484.65550887629,0.373507610341602,0.0655170109053398,40.4130324367989,3.55541939223118e-08,1.56304004625693e-06
"LAMA1",1775.96341096364,-0.390031511135018,0.078425825948592,40.1617365591248,4.00754316680172e-08,1.74363486186892e-06
"FBXW2",4507.98570183889,0.354969383826373,0.0626414832864265,40.1599251862223,4.01100205846401e-08,1.74363486186892e-06
"GNL3L",6769.67619627034,-0.336495536190746,0.0558382293000823,40.1572010504096,4.01620951649057e-08,1.74363486186892e-06
"TXLNA",7870.00479293268,0.228244969716563,0.0470075385004433,40.1473542073505,4.03508905178465e-08,1.7445924276373e-06
"ICMT",9166.18968906792,0.0105125356245847,0.0465642224648152,39.9062262177388,4.52607386620076e-08,1.94881937703945e-06
"PRSS16",281.224464923694,0.662283527109429,0.164065653804044,39.7813577630212,4.80330842358522e-08,2.05971377196607e-06
"MIS12",2505.28580028189,0.372642090250725,0.0782124750573671,39.6078074165274,5.2169747447115e-08,2.22796762260884e-06
"RUVBL1",7963.61902906994,-0.234656509540242,0.0489651649441581,39.511533442396,5.46158010874005e-08,2.32294766982712e-06
"TMEM241",1321.37872763829,0.600416090975738,0.116152144506314,39.462682764401,5.59003748796774e-08,2.36795798528771e-06
"TMEM33",7565.49311641003,0.26589460859836,0.0517185488338389,39.3052201329781,6.02496930257085e-08,2.54190539567737e-06
"PKMYT1",2539.16226207541,-0.509613938824219,0.108113041818443,39.1992709699505,6.33644977818996e-08,2.66258128631332e-06
"GPSM1",1613.72578755907,-0.498174168258233,0.0917776501830219,39.1562925259439,6.46733506510996e-08,2.70670907144982e-06
"NFIA",1218.77437905885,0.503128252589108,0.0932428992853822,39.0901352742389,6.67409758112511e-08,2.78211486021164e-06
"HNRNPK",52003.7310499033,0.155303472109072,0.0277857970933376,39.0432491251873,6.82461117153572e-08,2.83356772570549e-06
"TTC17",2623.18078439879,0.346070042461492,0.0697097669120939,39.0257708579999,6.88158195717116e-08,2.8347240951922e-06
"TMEM248",4606.11775889038,0.330958351598211,0.0585043988819486,39.0280111064425,6.87425340019449e-08,2.8347240951922e-06
"PPP1R15B",6082.79408938737,0.36177320558729,0.0651112580910804,38.9882793755535,7.00539125960651e-08,2.8651851582767e-06
"SYNGR2",5028.84293029821,-0.332590058527089,0.0639367023041169,38.9868074099872,7.01029724284465e-08,2.8651851582767e-06
"TM9SF2",8783.35162639582,0.218416098540804,0.0482196012930894,38.8988807094302,7.30965374133982e-08,2.97591078193146e-06
"KPNA6",6923.16496985946,0.304081644669332,0.0579886647607183,38.8132092955984,7.61358918926171e-08,3.08763502663741e-06
"NOLC1",20921.6029466194,0.198778935411969,0.0354295399273665,38.7562973880252,7.82242989268813e-08,3.1600804620539e-06
"ZBTB8A",1448.68785204334,0.468138877797945,0.105741785351163,38.6881095790423,8.08018425169992e-08,3.21529701897822e-06
"THRAP3",11908.231180479,0.213519661978199,0.0445816571202659,38.6876283695749,8.08203303059612e-08,3.21529701897822e-06
"ASB13",2304.36461992148,-0.26273894580754,0.0740078059582477,38.710015285245,7.99646891608597e-08,3.21529701897822e-06
"CDV3",15132.6995740212,0.208398180639384,0.0414814238815118,38.6940974361861,8.05721449870714e-08,3.21529701897822e-06
"POLD1",6902.96970816478,-0.363878261245654,0.070183428946638,38.669453000571,8.15217149797113e-08,3.23091554482091e-06
"GAPVD1",7823.5193617833,0.155208137108132,0.0455758131585791,38.4810028069301,8.91615640561738e-08,3.52036771592357e-06
"NUP210",8700.09270385204,-0.331197194655496,0.0625357729913417,38.4562591013671,9.02163319100311e-08,3.5486221081754e-06
"LRP3",4069.85612353197,-0.543405549193122,0.115504254469325,38.3344635571511,9.55923844600985e-08,3.74600418953562e-06
"SLC6A8",8288.56911995291,-0.281120961504178,0.0560631079883183,38.1924272197091,1.02266652959601e-07,3.99259697729966e-06
"TOMM70",8790.95357624819,0.272295804517036,0.0502215275461176,38.1302252426049,1.05333955565686e-07,4.09706013785789e-06
"WDR13",1759.55851908328,-0.304925422487095,0.0870903041182027,37.8741958595072,1.18955577012612e-07,4.60974889734431e-06
"ALDH7A1",2721.01773211298,0.252997724185647,0.0529604005095084,37.7997833050376,1.2323442940896e-07,4.75794035020645e-06
"RAB6A",5904.33384108329,0.252844676518807,0.0551285153338908,37.774489878897,1.24723522287325e-07,4.79772872680985e-06
"ARFRP1",1156.31359681836,-0.434431189390507,0.0948549374814276,37.7247092178673,1.27706854728295e-07,4.89449384989797e-06
"HNRNPU",71526.3862924329,0.177061327033447,0.0350120443543214,37.6421860121333,1.3280999594556e-07,5.07149995466569e-06
"PFKP",2929.58907525563,-0.307419198703723,0.0744975245708464,37.5549946057474,1.38422876978716e-07,5.25717137798006e-06
"CYC1",11540.2760719154,-0.362821555393664,0.0749890748771391,37.5511282284959,1.38677176748781e-07,5.25717137798006e-06
"RN7SL2",2541.80394421675,-1.93482023854589,0.330156356579213,37.4154576679925,1.47901703616101e-07,5.56653066523476e-06
"TMF1",3090.46652957677,0.305773200859061,0.076126432286644,37.4189888326353,1.47654028264257e-07,5.56653066523476e-06
"ACTN4",14180.7101344078,-0.248371346887346,0.0551636468368744,37.4042444619172,1.48690945921248e-07,5.57617694327605e-06
"PAQR4",1312.05359216311,-0.504494361233562,0.0937816110278922,37.3388532379614,1.53377882999233e-07,5.7314028207892e-06
"SELENON",5786.95313092082,-0.333612195250642,0.0596202081161799,37.2744587841589,1.58137303981021e-07,5.84660993481773e-06
"LAMC1",14914.4657236979,-0.0633284602476968,0.042875206494989,37.2887623334507,1.57067558535049e-07,5.84660993481773e-06
"TSC2",6864.89502490124,-0.282721340819646,0.0567562153772049,37.2806347175599,1.5767452495903e-07,5.84660993481773e-06
"RBPJ",7569.77360148731,0.277582524380439,0.0533123323480732,37.1531725746209,1.67505104364438e-07,6.17114755973631e-06
"NUS1",7772.59323258748,0.215326413951259,0.0449196350550407,37.0621434199149,1.74897614976533e-07,6.42089033508586e-06
"TRIM28",41537.4704564915,-0.337015588131316,0.0634282140862255,37.0530492064157,1.75653799767829e-07,6.42610387052727e-06
"CNOT6",7716.95869986645,0.270499462863251,0.0490619825325925,37.0434000179762,1.76459695427039e-07,6.4330933562826e-06
"SREBF1",1957.28400805042,-0.494206558109175,0.0864339378977486,36.9440853127577,1.84971712403958e-07,6.71999662112017e-06
"MTFR1",3117.36796327971,0.200752397746173,0.068787866671786,36.9193896196263,1.87151120370977e-07,6.77564765550702e-06
"GTF2A1",3907.25723583469,0.329218881230003,0.0597328981015264,36.9097924266232,1.88004969379815e-07,6.78308963662416e-06
"TBL1XR1",3683.31076803796,0.360775013923071,0.0716527396600719,36.8824086354884,1.90462679419836e-07,6.84814781707814e-06
"SS18",4721.57146722976,0.291968793023438,0.0579141252608147,36.8727223634011,1.91339675582563e-07,6.85611995075464e-06
"PIN4",1665.67188518917,0.183300581350137,0.0775159961596782,36.7788095158095,2.00054103890925e-07,7.1439115665896e-06
"GOLT1B",2652.68151331309,0.417295292755155,0.0864381697854475,36.7310232937207,2.04639096739423e-07,7.28278526933533e-06
"PRRC2A",2965.74232756364,-0.358381540017782,0.064400824941666,36.5269630772224,2.25426790834653e-07,7.9953915678067e-06
"TSPAN17",1706.9825074836,-0.380481487933811,0.0755304078276172,36.4039451600278,2.38962412390687e-07,8.44683689474242e-06
"RPN1",17315.8687246042,0.153121633000679,0.036267467399583,36.3951271653564,2.39963212061139e-07,8.4536534942616e-06
"LMF2",2787.95969542473,-0.453910086946427,0.0955335080063967,36.3874433609296,2.4083869311784e-07,8.45602431574484e-06
"PLXNB2",4447.18498271642,-0.37492950180668,0.0721122057902093,36.2141573536952,2.61450778393001e-07,9.14902840911697e-06
"SREBF2",10060.665946579,-0.301645098305212,0.0566408458634512,36.1069317589449,2.75076427827994e-07,9.59374888121432e-06
"GOLGA5",2080.25288491563,0.389771452692491,0.0831109148185718,36.0939388386495,2.76774866924853e-07,9.62091505858716e-06
"ATG2A",2422.52349257506,-0.387255267590361,0.0876260755751873,36.0585718499669,2.81451198137795e-07,9.75107247058196e-06
"GGCX",2114.65357699441,-0.11647039864409,0.0874092310946293,35.9384296865409,2.97932928008724e-07,1.02239771336449e-05
"CLINT1",10652.3230588498,0.214669135982539,0.0402598104985499,35.9442176276969,2.97117287006522e-07,1.02239771336449e-05
"ANKS6",3223.49503381429,-0.23358871411055,0.0541980838777994,35.9377248790049,2.98032402347483e-07,1.02239771336449e-05
"MYBBP1A",9879.46981656869,-0.266051682425831,0.0562517989498111,35.9229769438695,3.00121491595105e-07,1.02619972763385e-05
"UCP2",2090.20983146802,-0.334703719474574,0.0690431398257062,35.6519616383594,3.41218451375554e-07,1.16161965447455e-05
"B4GALNT3",1126.49895619771,-0.291731435410819,0.087263176975144,35.6474583275286,3.41946720422594e-07,1.16161965447455e-05
"VPS9D1-AS1",2314.64782692421,-0.470437171204155,0.0917552249533347,35.6291826534863,3.44918174453543e-07,1.16792196094091e-05
"RCN1",6911.30769109625,0.265329825945622,0.0488828797134939,35.6027395215461,3.49263203587723e-07,1.17881964488334e-05
"CCNC",4503.63863726082,0.300262580581958,0.0621313912489099,35.4513873733117,3.75203567378015e-07,1.26230061912417e-05
"HDLBP",37359.6894384452,0.121615903331985,0.0396508222800194,35.4072484364656,3.83124090296398e-07,1.28481646050359e-05
"MICALL1",4734.46454319218,-0.338587939296781,0.0629204728930701,35.3547829655189,3.92755835464127e-07,1.312908724109e-05
"ABHD17A",3843.72396291812,-0.472279654268524,0.0958044401172337,35.3121970675921,4.00751043325569e-07,1.33536884277561e-05
"CCDC6",5386.70720766257,0.26854525259623,0.0573785441822493,35.2979844400749,4.03455309753709e-07,1.34011203363589e-05
"RN7SK",454.331757466597,1.93561314488022,0.376713618696927,35.27948491837,4.07002517267566e-07,1.3476162462565e-05
"NSMF",5182.38886946786,-0.335374037587737,0.0681698906541191,35.076321543405,4.4806415138007e-07,1.47889438987056e-05
"POLR3H",5344.14114887303,-0.353591869894212,0.0693960902170691,35.0395989436437,4.55915172335095e-07,1.5000756126233e-05
"DBNL",4201.6861612738,-0.283825007320462,0.0601538712610394,35.022262557612,4.59669061951074e-07,1.5076857038226e-05
"SHISA5",3578.63859036596,-0.202830837917316,0.0714835079425173,34.7716435018368,5.17507437282174e-07,1.69208759883856e-05
"RPS25",10568.5755177127,0.257751656012351,0.0507978698697307,34.4869123436674,5.92064815725808e-07,1.92983618907761e-05
"RAB39B",387.051865093043,0.474618948273406,0.166970877636094,34.4773587887846,5.94743977456907e-07,1.93254852053777e-05
"MED16",3153.69540012333,-0.403733285172555,0.0910163484347328,34.455858070556,6.00817832874708e-07,1.94624055274553e-05
"VPS51",3614.73526772141,-0.454617593608598,0.0944461051878163,34.3523896683241,6.30922960886406e-07,2.03745275918348e-05
"AKAP1",6819.37847537854,-0.0495855924580633,0.0557426672614419,34.2888962429404,6.5013649995227e-07,2.09303944584634e-05
"HMGB1",20294.2891728142,0.244711669184068,0.046784017668291,34.2484385463398,6.62682299460812e-07,2.12688493842285e-05
"NFX1",4246.17674333548,0.142879008932625,0.0506317328904884,34.1993319826975,6.78234657238479e-07,2.17014349195297e-05
"NTN1",2212.37809188182,-0.240851484119892,0.0785989418523962,34.0638157554368,7.23066219371532e-07,2.30653715039157e-05
"PDIA6",14211.0209381691,0.109419956746045,0.0410486744493343,33.966099040781,7.5721402206055e-07,2.40812471514272e-05
"BCL2L12",2636.05750314829,-0.36889350142673,0.0794278406211621,33.8378275404547,8.04490257962613e-07,2.55072168759479e-05
"EMC10",6492.21630821709,-0.399279493127519,0.0829934066987179,33.7987955685392,8.19451424296159e-07,2.58250610012371e-05
"RIMOC1",4175.49222901672,0.370564872397734,0.0775607269851366,33.8029726513318,8.17837167976e-07,2.58250610012371e-05
"KLHL11",3370.92894241127,0.424095574954132,0.0836438970057563,33.7296961554736,8.46620673087397e-07,2.66011774850253e-05
"COL4A2",3521.44498068413,-0.403818321614143,0.0829429552676897,33.7061245535701,8.56092653021497e-07,2.68182557741435e-05
"TFG",7750.67153677709,0.206914055712599,0.0453566317240053,33.6967951944708,8.59870652137218e-07,2.68561989054081e-05
"AKT1",5929.2013961758,-0.34271218758409,0.0641361203069687,33.6498810822476,8.79122214749927e-07,2.73757611099062e-05
"PIGQ",1569.67745029027,-0.343793313780855,0.109248293079732,33.6085959155776,8.96418845829587e-07,2.78315441659198e-05
"ZNF664",16345.9974945256,0.221474872014649,0.0459714046150594,33.5543351487619,9.19668405191208e-07,2.84689068743065e-05
"SPCS2",2096.09704659679,0.305091499268908,0.0736994774411195,33.4707599771541,9.56659340726422e-07,2.9439784358884e-05
"PPIL4",3077.04436195554,0.289279680277096,0.0704246637931164,33.4744602194558,9.54990653753989e-07,2.9439784358884e-05
"XRCC3",2775.32205983673,-0.275860897724843,0.0709063808787846,33.4357620749765,9.72586635826613e-07,2.98421524066095e-05
"SLC29A1",5146.8761916558,-0.317840989374301,0.063650263135309,33.4005506040297,9.88877763746289e-07,3.02532983686474e-05
"GAR1",2794.35313902419,0.272888914529605,0.0680400088272803,33.3832038624717,9.97003185989904e-07,3.0412957244934e-05
"ZC3H11A",9029.5782383773,0.30745668628956,0.0646914108874392,33.3142803959855,1.02995035838842e-06,3.13266587204012e-05
"IVNS1ABP",5966.3875894308,0.215899769543209,0.0548074192123448,33.2982041220322,1.03778995035861e-06,3.1473612320586e-05
"RFC1",6687.8487959041,0.209778475671844,0.0472490695313922,33.2676238732367,1.0528668881385e-06,3.18385729785927e-05
"DVL2",3637.88935605888,-0.337616891864658,0.0718535053395277,33.2554761259106,1.05891646525739e-06,3.19292304783517e-05
"FASTK",4043.9845573218,-0.232529379474909,0.0766086459225128,33.2381441318583,1.06760780303841e-06,3.20987943769852e-05
"PLXNA1",5330.85567032777,-0.35369429014979,0.077157286886309,33.1962750660682,1.08889791695606e-06,3.2645097149316e-05
"TMEM94",3178.97364738965,-0.341996636539285,0.0615276536987611,33.1001940171258,1.13936720715812e-06,3.40605688242727e-05
"PDIA3P1",2461.67771698049,0.166725273335794,0.0607884985089576,33.0245310924282,1.18074611030077e-06,3.51969987238658e-05
"PDIA5",1064.0164535755,0.287113731444554,0.0885693882897999,32.9942521031763,1.19772167524157e-06,3.56015962728766e-05
"PLEKHM2",2844.09775482729,-0.325929726750687,0.0722935621619745,32.9323841618854,1.23316694000742e-06,3.61418086646992e-05
"EPHX1",2564.75168894232,-0.229984945396825,0.0627596671197066,32.95517636628,1.21998889926325e-06,3.61418086646992e-05
"HNRNPC",47142.8001157437,0.167931413717481,0.0355786115478478,32.9459615567881,1.22529975479119e-06,3.61418086646992e-05
"PSMD11",10651.9909302014,0.242251904342973,0.0456460795802674,32.9376572126849,1.23010560299633e-06,3.61418086646992e-05
"GJA1",6322.0869259566,0.238353795190389,0.0488541507772049,32.9368922210224,1.23054925867603e-06,3.61418086646992e-05
"SRP54",4362.94303923255,0.321185595983007,0.0713131466151699,32.9229457549596,1.238665492781e-06,3.62015560082895e-05
"PLD3",3690.69486052611,-0.456858630523626,0.0950989262742277,32.8507611688581,1.28153396584957e-06,3.73501110993986e-05
"TOP1",14027.0986641502,0.185803475363525,0.037360376851402,32.8386220722625,1.28888685442383e-06,3.74600643273238e-05
"SDE2",5735.50671239988,0.31920064456839,0.0562877617365811,32.7773961188068,1.32661814644101e-06,3.84498771917237e-05
"CRKL",13367.9149675459,0.225818991827322,0.0420117677463706,32.7153926878798,1.36595007937792e-06,3.94704989263052e-05
"RBIS",1024.80012337579,0.52991252292074,0.119467152345578,32.710075014668,1.36937695787526e-06,3.94704989263052e-05
"FOXK1",5901.2437609338,-0.235281119906675,0.0615771855446384,32.6454726684115,1.41169922281641e-06,4.05785960668353e-05
"MORF4L1",9868.11787243427,0.238062345312876,0.0513211561302091,32.6355303442779,1.41832734180305e-06,4.06574218555762e-05
"WDR62",2651.5432784473,-0.31523742187582,0.0658464868498287,32.6179195845741,1.43014385938726e-06,4.08841398928112e-05
"TMEM19",1459.09524875258,-0.124869596466424,0.108422797186655,32.6037591019281,1.43971639628498e-06,4.10456475594816e-05
"ADAM15",2791.34617750452,-0.282177559547704,0.0723307941590915,32.5947223983607,1.44585857810638e-06,4.11087453878453e-05
"NFATC1",626.725342260717,-0.577741085085212,0.109803355609927,32.5148412749558,1.50130113184357e-06,4.25694139362581e-05
"ZBTB18",4306.56315597988,0.225935051257948,0.0606071768510103,32.4950125119547,1.51538854305526e-06,4.28527306107763e-05
"FASN",47693.8660880234,-0.463413302735079,0.0954483825264004,32.4773927377101,1.52801702825772e-06,4.30933751122924e-05
"SRD5A3",1704.03413920924,-0.233189940883738,0.078767910796941,32.4716144471884,1.53218124359568e-06,4.30946568595206e-05
"IGHMBP2",1728.79889443107,-0.353778747248076,0.0674426101158319,32.4433018329761,1.55274915446686e-06,4.35560707860233e-05
"AGRN",2632.00791463603,-0.565437498187447,0.112128633051839,32.3855092893883,1.59559062700354e-06,4.46381409902086e-05
"TVP23B",1330.35650584437,0.412190564074405,0.0995657930542318,32.3401957683283,1.63000331665851e-06,4.54792658725279e-05
"RHOT2",4541.43486595012,-0.424937886834624,0.0863615565163179,32.3291366475893,1.63851363725619e-06,4.55951281558817e-05
"CELSR2",2386.64337943865,-0.249311006738494,0.0859572780749973,32.3026764951711,1.65905558019692e-06,4.60442931978789e-05
"GRINA",4989.75452562703,-0.273463774360668,0.0639412427489219,32.2580256631809,1.69430293592358e-06,4.68981259750487e-05
"FICD",309.934241179265,0.43495522174774,0.17859076402354,32.2344248512948,1.71323374593375e-06,4.72970044424929e-05
"LETM1",7849.5989485409,-0.238867766460045,0.0563853261130743,32.1441785340829,1.78758619307442e-06,4.90905888140097e-05
"CAAP1",1758.14276424552,0.325874154221829,0.0790372825795994,32.1491631942301,1.78339680318331e-06,4.90905888140097e-05
"PPP2R1A",19575.2969872454,-0.263905921441665,0.0557267984345233,32.1230111596502,1.80548592909767e-06,4.94523541260442e-05
"UROS",1904.40761059728,-0.239862249233032,0.0772219567922748,32.1105575070907,1.81610039918269e-06,4.96132075108317e-05
"SNRPE",1259.8098489367,0.555517620946414,0.116530387532453,32.0958980140151,1.82867462277206e-06,4.98266212970418e-05
"LPGAT1",6472.14832966245,0.321955349428376,0.0649385891363387,31.9836558759415,1.92786879009159e-06,5.23929640278657e-05
"MFSD3",1711.53315782094,-0.487117934933232,0.104275552783142,31.9637840355025,1.94598084634896e-06,5.2748180298832e-05
"CASP8",668.770298328259,0.528725403814756,0.102183856813498,31.7775137929985,2.12421386831065e-06,5.74306193905281e-05
"BCAT2",2044.12428485836,-0.318768354913337,0.0743258311344037,31.707824950447,2.19499749865483e-06,5.91913887330555e-05
"SLC1A3",5281.14340361555,0.328649614643959,0.0646002437270176,31.6945909050401,2.20870250672975e-06,5.94078517427078e-05
"NUCKS1",55260.0461738056,0.24759332015726,0.0538129198206595,31.6555267115314,2.2496559767396e-06,6.0199873362216e-05
"MFAP3",3832.52266381342,0.352022629881972,0.0739380724137735,31.6584955430486,2.24651718225236e-06,6.0199873362216e-05
"CLUH",10651.995950008,-0.339448645767972,0.0718428245677013,31.6370782537692,2.2692587322988e-06,6.04154048754259e-05
"FOXP4",2805.89961922161,-0.438454556559085,0.0895512132823224,31.6401218325434,2.26601304150668e-06,6.04154048754259e-05
"RC3H1",2360.49652514836,0.45244081681831,0.0966849626714785,31.5983181346903,2.31099997450533e-06,6.13705399321049e-05
"ERP44",3280.15109529217,0.30109034158981,0.0738319786795759,31.542993199357,2.37190818564111e-06,6.28285451806656e-05
"MFSD10",2012.27144561538,-0.360828694064258,0.0904258433698822,31.5256333560725,2.39134751390615e-06,6.31835076717173e-05
"TES",3105.10380184267,0.269209588138104,0.0626805820355076,31.5052829261923,2.41433778404073e-06,6.36302675929929e-05
"TMED9",9024.36935332504,0.213513060029958,0.0691650161124465,31.4974963616372,2.42319252787932e-06,6.37031744201037e-05
"SEC24A",4012.14636442748,0.300610487795239,0.0677807112050803,31.4791125332877,2.44422683169432e-06,6.40951011028011e-05
"EIF4B",25775.5508096803,0.20235730689049,0.0397540767832757,31.2742274174886,2.69132278548578e-06,7.03982757613442e-05
"ATP13A2",3231.60245941772,-0.367124349665551,0.0846906742933651,31.2381752889511,2.7373075912517e-06,7.14225669009142e-05
"IGFBP2",2504.94611533573,-0.668010559441937,0.142035687449897,31.145487234931,2.85915559755391e-06,7.44162811373298e-05
"CADPS2",1255.10281943395,0.353040846361118,0.0782646223118911,31.0885967790911,2.93660368001427e-06,7.62423928138694e-05
"NDUFB1",671.115139920806,0.255526360484855,0.128013042258235,31.0555740212645,2.98251401199068e-06,7.72426834343032e-05
"DHX9",37859.8940102574,0.16734085085841,0.037348940787977,30.9528257140643,3.12998288122046e-06,8.08617552745918e-05
"RADIL",1110.51751110267,-0.45585849730461,0.120544397840776,30.8923314102739,3.22017985966731e-06,8.29870489450717e-05
"RN7SL1",1583.12148553062,-1.76434110847979,0.345421291068619,30.8399376721951,3.30038763909357e-06,8.48451004123735e-05
"GAA",3479.35773620495,-0.398881623485645,0.0802961966610941,30.8150670721122,3.33915443985778e-06,8.56313061378234e-05
"TRAPPC12",991.933174573306,-0.614988396740885,0.136322104686109,30.7975083077639,3.36679673907027e-06,8.61290813713746e-05
"ZFTRAF1",1814.03577589302,-0.357940431600278,0.0813587640120352,30.7865186000453,3.38421336198813e-06,8.63634741621507e-05
"ZNHIT6",4540.07134309627,0.28851113068314,0.0545434442245329,30.7642223375015,3.41982488420375e-06,8.70599215655082e-05
"OMA1",1757.05510067384,0.344239937947148,0.0770422061652597,30.6908965738787,3.53959295961061e-06,8.98901969330238e-05
"ABCA3",1166.87717678568,-0.496746373740583,0.10798602284054,30.6348788392363,3.63389682235866e-06,9.20616524269702e-05
"PCNX3",5487.73763044929,-0.325904455901095,0.0700912935771408,30.5800987908512,3.72853582882306e-06,9.4231087867091e-05
"TMEM259",5723.63553323263,-0.317456155686203,0.0834404816473571,30.5609857251446,3.76213016272314e-06,9.48510069700535e-05
"WDR48",4335.71869588285,0.239493327217432,0.0518385540731132,30.4722802093783,3.9220327633556e-06,9.86447807764175e-05
"RCCD1",1541.50915427683,-0.264950486975335,0.104412976861519,30.4527872944065,3.9580681475826e-06,9.90748015027673e-05
"RLIM",8170.30638699446,0.358765424109336,0.0747515919453443,30.4557606633556,3.95255022597776e-06,9.90748015027673e-05
"CDR2",2565.18568178324,0.259455200925533,0.0600660241158177,30.426452114211,4.00727649906687e-06,0.000100067145607963
"SNRPA",5762.09666656781,-0.0270148421108629,0.0521986361684536,30.3942270266892,4.06831981679422e-06,0.000101349595816947
"ADAMTS2",306.266457021127,-0.722391265982082,0.184923825146049,30.3874097684666,4.08135178362036e-06,0.000101432740408598
"VPS28",2222.51523820111,-0.367109841095093,0.0886368077767962,30.2853887475939,4.28141589183031e-06,0.000106152735725641
"HLTF",8005.45790103962,0.326167111136599,0.0676520910945502,30.2577012617548,4.33737601347552e-06,0.000107285969808497
"IFRD2",5669.64050135059,-0.318075352662474,0.0687529662278456,30.2225568727317,4.40945752784864e-06,0.00010881168423085
"ZNF460",332.094010638498,1.05410782266872,0.241283938938563,30.1586861750862,4.54352380990841e-06,0.000111400158517729
"RBM27",5890.3329601853,0.295424947102154,0.0581188039898755,30.1573865907778,4.54629338498235e-06,0.000111400158517729
"SMO",3476.15304093108,-0.281147277936181,0.0627596106832948,30.1658482665202,4.52829061684076e-06,0.000111400158517729
"MIR4426",3985.13189087181,0.228934963552151,0.0699728856563345,30.0378558232919,4.80834843211665e-06,0.000116910053955901
"KRAS",5145.35354987692,0.244267139515833,0.0535230902654099,30.0390436046432,4.80567180697091e-06,0.000116910053955901
"MAP4K5",2941.06999763254,0.282441206189013,0.0640361806135112,30.0345306499303,4.81584949393035e-06,0.000116910053955901
"SRP72",11168.9038018016,0.244298301520006,0.0531634390818398,30.0385646551104,4.8067509250392e-06,0.000116910053955901
"SSBP4",1352.23304409484,-0.450361429297394,0.108717333700642,29.9752444307605,4.95156235420645e-06,0.000119926381740884
"DNM2",9291.68733650223,-0.236481808830899,0.054980125305845,29.8894778806649,5.15465683266568e-06,0.000124518405178419
"PHF6",11778.2431442761,0.33511246805931,0.0656203347544816,29.8852165612816,5.16496108644114e-06,0.000124518405178419
"CDT1",5250.31174978164,-0.269511444762365,0.0827984114026634,29.8467467109837,5.25891775001075e-06,0.000126486470008688
"DOT1L",5627.97913374127,-0.230482138758393,0.0678448888354305,29.8394200983262,5.27700380807318e-06,0.000126486470008688
"NUP62",7332.31940851012,-0.300907443784798,0.063246372811033,29.8370522314293,5.28286221865591e-06,0.000126486470008688
"C1orf35",3162.91429486252,-0.353978834161524,0.0798951366655297,29.6762852270107,5.69614177868892e-06,0.000136070163083156
"RTL8A",2898.73249878241,-0.33476926325572,0.0693001159011569,29.6549603595327,5.75332563756772e-06,0.000137123111949592
"FAM98A",6920.76916838546,0.159531322167628,0.0525221070183908,29.6245744861784,5.83579571806772e-06,0.000138772569541233
"HMGN5",3191.29069720599,0.335573485814993,0.0770973296104288,29.5741942561872,5.97513324992226e-06,0.000141763762344527
"N4BP2",2457.20882901579,0.480527963259604,0.102727799476089,29.5176886657744,6.13535522386155e-06,0.000145235795717791
"ALDH1L2",2516.65500200722,0.393981158947489,0.0938717544765339,29.4582869997334,6.30840154524407e-06,0.000148995045977175
"ULK1",2981.23360098015,-0.342478715836166,0.0795987528717887,29.3461906032738,6.64829761138015e-06,0.000156669229522231
"ATG13",3708.97988204838,0.164994678733452,0.0478910247910599,29.301081768208,6.79016438764022e-06,0.000159294820600627
"ELMOD2",2558.64155620402,0.409789167161029,0.0854904678503515,29.3055954809934,6.77583419661152e-06,0.000159294820600627
"DCXR",3635.30236029446,-0.378617068295621,0.0863075649603213,29.2867542422242,6.83585174152811e-06,0.000160007867498006
"SESN3",4524.34772214439,0.361275840706537,0.0748920630305389,29.2576401255358,6.92963501865854e-06,0.000161121713778276
"MAN2B1",2936.74270074758,-0.260023531245768,0.0646322347369215,29.261783750041,6.91620969401448e-06,0.000161121713778276
"PFKL",6671.77486394442,-0.313369251259057,0.0762957341853451,29.2658393824399,6.90309453359632e-06,0.000161121713778276
"DHCR24",22159.4525546523,-0.181564271643137,0.0432801103840165,29.2317236720058,7.0141946572136e-06,0.000162726205539747
"HOXA5",3517.4230704149,-0.224625361517943,0.0664515054070042,29.2063772388836,7.09788768461572e-06,0.000164303537265784
"MEF2D",1638.50667951751,-0.148157090611698,0.0778503931257434,29.1988363870421,7.12297861479079e-06,0.000164520364782684
"LAMC3",538.060989419624,-0.763219993308421,0.148732422603925,29.0552018180182,7.61811369993744e-06,0.000175568994807148
"MACO1",1668.10412317233,0.346653157876648,0.0737396743961997,29.0377379297548,7.6806043019358e-06,0.000176620138046493
"C7orf50",2110.99909439797,-0.434287868142884,0.10522837624421,29.0091089887774,7.78415208374199e-06,0.000178608735202176
"HTATSF1",12045.1977038455,0.143033712073229,0.0429758188555902,29.0036295345924,7.80412850749642e-06,0.000178675266026116
"RPL18",34971.2817182612,-0.21316517127851,0.0558829969429082,28.9934271083666,7.84145948989761e-06,0.000179137970835805
"HSPBP1",3806.0376298805,-0.317001243272399,0.0927789830887162,28.9786556935757,7.8958236828188e-06,0.000179986935061728
"RPL30",17339.0926060637,0.218896414643134,0.0524606130435235,28.9702015899989,7.92710647392939e-06,0.000180307206601572
"SPTLC1",4293.55544351076,0.308905480880548,0.0654454219575875,28.945883210981,8.01778138252611e-06,0.000181624780683463
"C1GALT1C1",1463.83148238827,0.299179722924429,0.0855934179062643,28.9453581697186,8.01975042299148e-06,0.000181624780683463
"EPB41",9769.17526995467,0.199957063919094,0.0466488076475439,28.9353240109156,8.05747373334733e-06,0.000181932455121866
"FAM234A",2327.20212036949,-0.382538551959601,0.0931888429261214,28.9278992983339,8.08550049045853e-06,0.000181932455121866
"SDF2L1",2810.91859878752,-0.0755332367687156,0.141860260567152,28.9307197264763,8.07484254719817e-06,0.000181932455121866
"GPRIN1",2602.0761553169,-0.152079279831664,0.0688514250065527,28.9227004880115,8.10518265650888e-06,0.000181983961663202
"WNK2",2914.48415330853,-0.443005413834133,0.100439480449427,28.8940280420539,8.21459339110609e-06,0.000184045590259407
"TAOK2",6609.38648699432,-0.274581277019779,0.0663720361220755,28.8859193521376,8.24580096624274e-06,0.000184350033140594
"FGFR4",1245.86873026405,-0.413320814161799,0.10882212041051,28.8544900541793,8.36788056822806e-06,0.000186680457111664
"TMEM129",1765.16112658032,-0.398527887874653,0.0891900205845307,28.8354810076768,8.44258787013157e-06,0.000187946376351461
"COL1A1",800.585874579208,-0.405157897895973,0.104967006497448,28.8193357143875,8.50656140874232e-06,0.000188968475625628
"BAX",3552.2618792704,-0.396777189563264,0.0827101412685535,28.8053776348464,8.56225708245863e-06,0.000189802745452891
"PFAS",11027.706067779,-0.240901575874267,0.0624343027622269,28.6656303708949,9.14027696490901e-06,0.000202187564236455
"LOC102724560",533.301280209446,-0.634317454735089,0.139621814270669,28.5615037328163,9.59606079107544e-06,0.000211821907293296
"SLC35C2",1839.73668694203,-0.418091236428479,0.0846786164595108,28.5531795625106,9.63345902250028e-06,0.000212199751057727
"CHORDC1P4",1035.01693018231,0.537586452302218,0.115492998804677,28.5438760102743,9.67542900816127e-06,0.00021267649939578
"MZT2B",1089.66576532953,-0.50283377076373,0.106732767013575,28.535655776755,9.71266332686924e-06,0.000213047371884765
"CCNYL1",1357.53360346976,0.265183544705968,0.107517947811533,28.5032440855833,9.86086976349152e-06,0.000215845774760276
"NSA2",4514.68070049027,0.288411091726437,0.0626828224143777,28.4973383018637,9.88811605387286e-06,0.0002159903095442
"PDXK",5587.86483358918,0.101970547260269,0.0662610064099679,28.4887180966642,9.92801983501178e-06,0.000216410149028601
"PEX26",4364.52794714679,-0.223348908352979,0.0572471110013621,28.4423866984545,1.0145253541632e-05,0.000220685629534503
"SGO2",3159.28712320224,0.302070165677196,0.0720191682920157,28.4009097919205,1.03437349415479e-05,0.000224536304343186
"PEX10",717.447915100406,-0.320157075822618,0.117810217953596,28.347922255947,1.06029292274123e-05,0.0002292116704678
"UBE2O",8506.64185045225,-0.0183210548141067,0.0598826232108202,28.3495181880058,1.05950289654071e-05,0.0002292116704678
"ARL5B",6826.91142134878,0.388999820199887,0.0796092187785688,28.327279487086,1.07056458778405e-05,0.000230913065297306
"PARM1",435.71831105045,0.490460893823454,0.136963657259507,28.3188566164887,1.07478412309842e-05,0.000230913065297306
"SLC39A4",737.329457741048,-0.461564045397807,0.110465905108725,28.3203353133486,1.07404215694881e-05,0.000230913065297306
"GPC3",2305.12889858932,-0.341879050099756,0.0838293452812279,28.3143213084958,1.07706298833963e-05,0.000230928484569622
"DNPH1",3522.53634578284,-0.398080184123929,0.0947726041614943,28.3051120498121,1.08170518638536e-05,0.000231449516669735
"MCFD2",7004.34534814812,0.196030686020808,0.0599990010675538,28.3002829154039,1.0841474050836e-05,0.000231498659171218
"CSPP1",1379.37168879808,0.34660746995437,0.0895576806069837,28.2773614815259,1.09581439996266e-05,0.000233513361849476
"AGPS",7223.67127015522,0.230849425056809,0.0502381611084154,28.1818105350533,1.14581074381906e-05,0.000243671093751602
"TYRO3",2112.44695977969,-0.265126222121506,0.0726700505162627,28.1676038845513,1.15343560541565e-05,0.000244795065709207
"NDUFS4",1213.41336066209,0.397853134604165,0.0910840293424139,28.1339898529013,1.17167825100585e-05,0.000248163351017697
"RNF123",3455.34351843392,0.00683824805546599,0.0640830347439652,28.1174990961082,1.18073261324038e-05,0.00024957586529968
"CPSF1",7215.14596912768,-0.305853694112283,0.0724226455152462,28.1117004347007,1.18393292306948e-05,0.00024974778576766
"RTL8C",3558.14136394586,-0.352134118439588,0.0862839390839766,28.1044450080608,1.18794938631187e-05,0.00025009083358111
"RUVBL2",10121.323835644,-0.269083938451559,0.0601472571614139,28.0156028041815,1.23824396944799e-05,0.000259925482736702
"SSB",12809.4634508988,0.197085033176346,0.0524287649511392,28.0132001818087,1.23963314427616e-05,0.000259925482736702
"RBMS2",1089.20156804741,0.570869704462308,0.119336391157706,27.99944882033,1.24761394491667e-05,0.000261075694113263
"NCLN",7897.80512669245,-0.321279241056232,0.0763320087103726,27.9807313530495,1.25855909975139e-05,0.000262840396421134
"MAN1A2",4957.48713390816,0.353932339077717,0.0805268695027499,27.9021835212719,1.30554167198337e-05,0.000271658022591907
"KRTCAP2",2547.8928556251,-0.339455024485703,0.0813206204456629,27.9014750333995,1.30597329029656e-05,0.000271658022591907
"C1orf122",1203.45250920551,-0.499554354228925,0.119155206355042,27.8849479253839,1.31608215858864e-05,0.000273217611613352
"WLS",4974.78381716124,-0.173615458940805,0.0556343197374482,27.8717041144063,1.32423893911562e-05,0.000274366574652807
"KDELR2",10878.2823989269,0.113569620580678,0.0470925641274625,27.8620650157018,1.33020720438074e-05,0.000275058458091614
"PPDPF",2818.21989520102,-0.304293585550635,0.0964722252191641,27.8440804036138,1.34141441564112e-05,0.000276828777728856
"STARD7",17329.6335257781,0.176893475231662,0.0373563392001994,27.8344699164145,1.34744170308294e-05,0.0002770671323144
"CARNMT1",3465.77700474227,0.25554383660915,0.0600138032008293,27.8337957370899,1.34786552946602e-05,0.0002770671323144
"MIR4444-2",559.982762134737,0.591563908890735,0.121950264023756,27.7907721096775,1.375188639922e-05,0.000281027319130934
"RPL9",2227.79593866,0.460553259515888,0.0933060118023367,27.7946653723372,1.3726936280807e-05,0.000281027319130934
"CCNG1",12567.9916084547,0.181789927892729,0.0462748281212097,27.7917650159155,1.37455190402912e-05,0.000281027319130934
"SLC25A23",6557.74112557092,-0.261168207568804,0.0646795166089141,27.7648931784556,1.39188829792768e-05,0.000283885521661157
"CACNA1H",2145.58442512304,-0.422150666982044,0.0864472783501247,27.7485451687358,1.40254147328479e-05,0.000285501778890638
"KIAA0319L",2760.94064315506,-0.182483208443888,0.063222287318303,27.718801533095,1.4221323662789e-05,0.000288927591230604
"TBC1D15",2702.86393798469,0.279978033037018,0.0804929878593591,27.7067364921797,1.43015649640345e-05,0.000289577126357538
"ATP6V1F",5979.02019650616,-0.319945363484189,0.0733938717762075,27.705674865877,1.43086470731958e-05,0.000289577126357538
"PLEKHH3",1148.2808377457,-0.528933770125757,0.120244998795231,27.6816122882054,1.4470107539427e-05,0.000292279411554101
"CYCS",13996.3818520472,0.232295713262471,0.0529924650719871,27.6632560181736,1.45944960840242e-05,0.000294223916237273
"FEN1",9769.61097369777,0.1365278820984,0.0456353928293675,27.6192421046543,1.48970997492785e-05,0.000299746835916733
"LRFN1",1406.09962560538,-0.456832660080384,0.0925115314301816,27.5786439033336,1.51817498227678e-05,0.000304888000759346
"RPL7",8791.91792077503,0.109334856037925,0.0475635028291396,27.565250833733,1.52768356896537e-05,0.000306209831074419
"SEL1L",4426.11911121195,0.296863278848024,0.0699451052531038,27.4906884717469,1.58171328482271e-05,0.000316433386216062
"HES4",1911.39583398502,-0.439030263284454,0.112950631236122,27.4820463886389,1.58809720182825e-05,0.000317028295548064
"DCTPP1",7916.68360350812,-0.199772336804301,0.0513923017245843,27.4784694727852,1.59074696705279e-05,0.000317028295548064
"FLYWCH1",2769.14695776197,-0.333225260354235,0.0888837035576449,27.4692147610775,1.59762324809471e-05,0.000317190361381688
"LRPAP1",6718.45613367539,-0.197607868025494,0.0615643964242231,27.4713581882881,1.59602804847089e-05,0.000317190361381688
"NDUFA1",2986.53365090119,0.257120272425958,0.0765763160388279,27.4253707842446,1.63060342606073e-05,0.000323125069069573
"YIPF5",3476.39378475681,0.240012273231732,0.064070584788904,27.4137059882717,1.63949135782633e-05,0.000324272175367426
"FMR1",6966.30329482388,0.194106006850202,0.0526619425376527,27.3987155701681,1.65098401788393e-05,0.000325929165643765
"ZNF622",1959.48464015795,0.0633930180704551,0.0833677976326138,27.3515413078517,1.68767643121011e-05,0.000332545357810761
"MOB1A",5135.18928473127,0.307010105353667,0.0696094468356872,27.3358014327746,1.70009856713196e-05,0.00033436337044928
"STK10",2071.95203741193,-0.170536040352367,0.0823818120232859,27.3102874633011,1.72042803103906e-05,0.000337726800914853
"NT5DC2",11752.616506512,-0.290356674633749,0.0670619734094029,27.1270648214538,1.87369736294e-05,0.000367125384053206
"INTS1",11465.0901609393,-0.406218970017442,0.0951319438432963,27.0228303870746,1.96687475812781e-05,0.000384661880267126
"MRPL23",2021.03559928668,-0.465059017290916,0.089787701547545,26.9542310765904,2.03069701371994e-05,0.000396402665196861
"MAK16",1321.88055497885,0.517188933716157,0.105194583608091,26.9184305169579,2.06481813421087e-05,0.000402312702760677
"BET1L",2185.73835893049,0.131504412172648,0.0579402849777138,26.9112808888415,2.07170036223467e-05,0.000402903362268799
"ASF1B",3784.46375905691,-0.226129317073891,0.0688368750180309,26.8863399026109,2.095887620297e-05,0.000406851060689564
"APP",18334.857696831,-0.138934795558029,0.0394022117927447,26.873133550478,2.1088083754396e-05,0.000408601148744898
"B4GALT6",2793.89895596887,0.124752427847384,0.0835635260484865,26.8626370801795,2.11913432581375e-05,0.000409842928853775
"RBM26",12234.3596558187,0.208048289039815,0.0476095759166217,26.8466289305611,2.13497931283663e-05,0.00041214554520682
"LAMP1",3955.22699737363,-0.199305741549169,0.0591597066964698,26.8193256674982,2.16227658865983e-05,0.000416646407866442
"MECR",1022.00276210682,-0.343439992345515,0.111876934176945,26.7213324293917,2.2631376849905e-05,0.000434480910056065
"MGAT1",5861.00773082392,-0.11500054627009,0.0671840844084313,26.7228383754315,2.26155281859074e-05,0.000434480910056065
"TUT1",1631.99516868472,-0.198169485439013,0.08463098165221,26.7150663142375,2.26974404810821e-05,0.000434951135079784
"SMC3",10720.4871954324,0.244885568168922,0.059703975076175,26.6741525668627,2.31335328517216e-05,0.000442497539721323
"XPNPEP3",1969.19500513256,0.396862822715062,0.086372575981071,26.6468088396272,2.34296194465138e-05,0.000447343263264368
"TASOR2",14750.6355096143,0.302138587653454,0.0659901577595604,26.5813275693062,2.41540777110644e-05,0.000460335364464239
"ATL3",2376.50386523689,0.319023907685666,0.066281132326809,26.5591691818175,2.44042386718415e-05,0.000464257362224504
"CISD2",2587.25073511928,0.321303679597394,0.0702457787378974,26.5451562295475,2.45637683296923e-05,0.000466444116213376
"FOXRED2",7764.78113447385,-0.23057698256546,0.0541009440728079,26.5262687337178,2.47804338287513e-05,0.000469705940489537
"SLC25A26",780.685010417247,-0.262215906471008,0.117275985281364,26.5090609541503,2.49794844329508e-05,0.000472622686477331
"RBM39",13456.8141122871,0.13424268280771,0.0373909278665952,26.4735234812488,2.53956091661818e-05,0.000479628625822671
"ZNF644",5830.47580133812,0.247025735308146,0.0606600818297447,26.4681790367733,2.54587831520627e-05,0.000479955402018075
"ATF6",3934.50792314091,0.246089531208507,0.0600060894234108,26.4321990521584,2.58881704167917e-05,0.000486297894202678
"TSPO",2694.82072248501,-0.388357655088773,0.103687163460065,26.4353055566547,2.58508149242116e-05,0.000486297894202678
"SUMF2",3055.78610677868,-0.288653384265716,0.0854899176909863,26.4263470304531,2.59586863998589e-05,0.000486334766838746
"SMU1",6530.56551675082,0.237055347205834,0.0485021762918095,26.424324984628,2.598309611611e-05,0.000486334766838746
"LARS1",15891.1897041276,0.21657280433024,0.0457998025060986,26.3356792065207,2.70759406336804e-05,0.000505884940803925
"ATP2B4",2564.91933940979,-0.0307464910907417,0.0792786104815298,26.2897925286319,2.76594699953098e-05,0.000515047942727592
"ATP6V0C",6466.67069253058,-0.536886541231426,0.131147561869785,26.2893767956337,2.7664813515522e-05,0.000515047942727592
"PTTG1IP",6450.03461628063,-0.12223136471705,0.0519538949510407,26.2399609616668,2.83073341075443e-05,0.000526073955181592
"GUSB",2280.1982656221,-0.353504135718771,0.0737049753824716,26.2219786431614,2.85448094712777e-05,0.00052954670478365
"TMEM201",2834.89644626354,-0.325837903436488,0.0747752533542304,26.2094217505895,2.87118097847396e-05,0.000531702063323417
"ANAPC2",2597.0372526977,-0.320044296357864,0.0824428114864185,26.2007247851114,2.88280440203873e-05,0.000532911350857443
"NDUFAF3",4837.10338664285,-0.212341983638446,0.0683304863503957,26.1803404722756,2.91023151583168e-05,0.000537032669314759
"MED24",8642.3417830154,-0.214521273399732,0.0495973431664329,26.1121529603371,3.00387696731463e-05,0.00055333740684882
"LSS",584.239434159554,-0.380265312573327,0.126281411978341,26.0825858163864,3.04540847593418e-05,0.000560001913597528
"ZBTB45",707.923355975345,-0.461081496838322,0.123292068719591,26.0288560614558,3.12234651349726e-05,0.000572138556404936
"CSNK1E",309.338265787676,-2.45300002957757,0.504302135928805,26.0290312983026,3.12209246965221e-05,0.000572138556404936
"KCNAB2",277.455523619483,-0.671719419506632,0.177297024656519,26.0195714255374,3.13583603739669e-05,0.000573605812225203
"UBE2E1",5055.72041070215,0.195972622754204,0.0584016800564668,25.9948151620556,3.17208792859798e-05,0.000578215261270394
"FLNC",2755.2734527292,-0.455489242954252,0.108167707571984,25.9966378764245,3.16940468372699e-05,0.000578215261270394
"RPL23",33275.1084668764,0.18506469651412,0.0456849792451798,25.9901148274651,3.17901778564577e-05,0.000578470662455856
"MEN1",6161.66614245023,-0.280473475851683,0.0717988939191209,25.9728848091175,3.20454950730639e-05,0.000582104192620603
"BOP1",7779.98082382873,-0.428852996774324,0.103830338362593,25.9404933445879,3.25310076513754e-05,0.000589899364049118
"PGRMC2",4260.32507676731,0.282158572857871,0.0597787675517138,25.9288698774885,3.27070076158659e-05,0.000592064741669212
"HAPSTR1",4829.52317160656,0.233532622921369,0.0513507674919065,25.85990748444,3.37708594034769e-05,0.000610266842726387
"TLNRD1",2852.56888433925,0.0195951748480367,0.100491115168197,25.8096628582778,3.456755389485e-05,0.000622513453359408
"CBX6",13243.2464307223,-0.249907005328454,0.0629156801861997,25.8096739727893,3.45673756099644e-05,0.000622513453359408
"ADGRB2",983.218052198891,-0.509828472678926,0.113241312723889,25.7890078760481,3.49004590264929e-05,0.000627428698959098
"STXBP2",1635.45887306642,-0.389984269940598,0.0949434332478674,25.7806536208265,3.50360114990673e-05,0.000628785228670225
"BRAT1",3419.59631815147,-0.324881487669163,0.0928239694643859,25.7713468615504,3.51876351719076e-05,0.000630425045896694
"FBRSL1",4538.08643873176,-0.479347104226759,0.12064745543862,25.7658787522147,3.52770243982471e-05,0.000630946164579246
"RPS29",6685.02579640219,0.467265607611955,0.107116209844378,25.752044004939,3.5504195416687e-05,0.000633925591544021
"RRP9",2787.9273538922,-0.303698945637427,0.0833562248194377,25.7363088109727,3.57643402354986e-05,0.000637482609683172
"CEP97",2027.57752724104,0.377622042888266,0.0919827373806364,25.7241335771465,3.59669287705464e-05,0.000640003360078617
"EMP2",2028.41617075915,-0.383325444134097,0.0894423349149372,25.6933248446182,3.64846768060567e-05,0.000648114046556487
"PNN",9949.83925879355,0.196519498843237,0.0608049669909162,25.6394804922013,3.74073920961498e-05,0.000662256418785136
"UGCG",1670.65665649946,0.480784595458744,0.0992846395529312,25.642030506859,3.7363174593033e-05,0.000662256418785136
"AP3D1",16477.9585087958,-0.0412583264415292,0.0489314625612889,25.6238953426874,3.76787726993354e-05,0.00066593411951545
"KCNQ2",440.868428207633,-0.658345333925675,0.172925305771916,25.6082001137302,3.79540476161079e-05,0.000669668128511529
"SEC23A",8664.10120732214,0.266789915395085,0.0606029465314893,25.5445616135036,3.9090821147306e-05,0.0006885644135762
"DPH1",2120.76026948242,-0.317099914439099,0.0813899174260344,25.506041696393,3.97952758417137e-05,0.000699794909465296
"RPS3A",16355.9444835039,0.225243469904173,0.0633009882210392,25.4887084589834,4.01163694519219e-05,0.000704257673784327
"ACSL3",5942.23692935133,-0.0147201500657739,0.0529213846607792,25.4797212622641,4.02838671635066e-05,0.000706013571409999
"RPS6KA4",1767.11943519055,-0.364065073244334,0.107577308247053,25.4331138185716,4.11637199776732e-05,0.000720227428305008
"LRRC14",2131.90352127901,-0.205435858357145,0.0850931026263938,25.4155767425867,4.14997063881948e-05,0.000724893869682274
"CERCAM",1881.51198112208,-0.345537683098081,0.089250229060395,25.4062872932165,4.16787822815055e-05,0.00072680849835232
"TRIP6",3487.09586330078,-0.400723421428765,0.0903688889612409,25.3995715109233,4.18087227891686e-05,0.000727861342001783
"RHBDD2",1895.1000717457,-0.415404169886248,0.101689802070808,25.3701561251414,4.23826271868259e-05,0.00073662695723548
"DSC3",4034.95740269261,0.253513275037371,0.0687237736749815,25.3633251446555,4.25170181785545e-05,0.000737737249091568
"CEPT1",2929.01032710962,0.289629369352572,0.0679926459182782,25.3518425508293,4.2743878746144e-05,0.00073940984423428
"LRFN4",1192.89426280304,-0.535029910555642,0.13716208819052,25.3512937904564,4.27547506223587e-05,0.00073940984423428
"FARSA",11335.1504898536,-0.272071896197396,0.0676742385071127,25.3340928442368,4.3096927224813e-05,0.000744097606523462
"ZNF638",9595.15035971341,0.24947736859195,0.0609458192509419,25.329787802123,4.31829919112222e-05,0.000744355262548794
"DR1",8769.85249938796,0.136116345210337,0.0417345701258644,25.2724946434348,4.43447678518381e-05,0.000762768225517629
"MPZL1",6850.49065700498,0.183003834276281,0.0466468834568427,25.2699537956119,4.43970036643636e-05,0.000762768225517629
"SYNGR1",1793.11160211212,-0.471161647469723,0.103835947687223,25.2661425724994,4.44754710506115e-05,0.000762863694430408
"PPP1R12C",2316.14120597279,-0.449114684988999,0.0991315858004287,25.2089841671627,4.56689443800296e-05,0.000782052643286824
"OBSL1",5488.49983010132,-0.379185776362814,0.0893608967397257,25.1954909906019,4.59552946850454e-05,0.000785670340342532
"RPL37A",27622.9223442609,0.246317597679309,0.0614391675438613,25.1785621270042,4.63170812874143e-05,0.000790563819755654
"UFL1",2356.22628083209,0.292953129340059,0.0865113728657355,25.1320157216991,4.73264785505259e-05,0.000806477109241291
"KLHL7",1897.91605035194,0.141709628461345,0.0765754403766609,25.1120534327729,4.77660466579734e-05,0.000812644140133944
"TOLLIP",1837.48318252131,-0.234809824388668,0.0827387516904384,25.0911309924642,4.82311117992884e-05,0.000819224225253173
"GCLC",2794.55543022584,0.230618063143221,0.0678879778450305,25.0645829851752,4.88277040172319e-05,0.000828013398917825
"ENTR1",4263.14375663981,-0.140300027130396,0.0526685912928875,25.0053173846036,5.0186118868049e-05,0.000849672106337212
"NACC2",1369.23397917128,-0.389067828377898,0.0899594643304344,25.0000759604069,5.03080486159014e-05,0.000850360440497861
"PSMA4",15760.6006250764,0.154038504825529,0.050271856596855,24.9953244685659,5.04188355403427e-05,0.000850858510094526
"RPL23A",8258.26354033747,-0.313093313054986,0.0642577430061375,24.9752348528629,5.08899352574787e-05,0.000857425752977454
"UPF2",3753.35682402688,0.252479087146802,0.0573057313408638,24.9680046768581,5.1060550354002e-05,0.000858917264234602
"ZNF358",1810.66999819629,-0.452483813241755,0.11159467688274,24.931012259096,5.1942417150011e-05,0.000872349134254518
"SAR1B",2794.21124751574,0.242666427535696,0.0652856447325086,24.9174892049128,5.22685580937779e-05,0.000876419748934612
"UBE2K",9448.06529621126,0.182129168280492,0.0452852273840454,24.9082944355105,5.24914732465956e-05,0.000878749255326608
"SLC38A2",10877.9242103196,0.285749273161681,0.064041564797966,24.8861515931759,5.30321813306109e-05,0.000886382928533836
"SNRPF",4163.74733224795,0.240152295301155,0.0714989114930129,24.8790389345482,5.32070374887978e-05,0.000887887134362507
"ZNF770",4670.35814990718,0.354191365431492,0.0808527229662051,24.8074096492761,5.50002032962056e-05,0.000916348928484393
"INPPL1",6733.78555525287,-0.205833399212983,0.0601309289402586,24.8011771771152,5.51590373005363e-05,0.000917534192806855
"PCYT2",1572.24679834388,-0.343688741365688,0.104383637650374,24.7973406271162,5.52570379562031e-05,0.000917705377993259
"PIBF1",1941.92078418523,0.259668947620485,0.0894547971602382,24.7927913966979,5.53734674788063e-05,0.000918181600999605
"IRAK1",20409.0596167737,-0.261825719091185,0.0611239183631617,24.7819011859121,5.56531742119496e-05,0.000921359433195614
"NRBF2",1064.09578844141,0.358509716068153,0.0906936667536033,24.7780003479799,5.57537053207758e-05,0.000921565590475951
"PIK3R2",5265.2971440904,-0.357875527587487,0.0852276107608399,24.7198800271996,5.72731096196111e-05,0.00094369849755904
"GRAMD4",1535.66088800321,-0.314638667237086,0.0809191336209919,24.7220444663437,5.72157954464013e-05,0.00094369849755904
"GDI2",10377.3099036305,0.204119922489689,0.0484080241621068,24.6915044962448,5.80297877378598e-05,0.000951670327744869
"ARL1",3620.02572662762,0.322002764207248,0.0766255195265467,24.6982138438528,5.78499807806557e-05,0.000951670327744869
"ZNF217",1251.16354474694,0.343106756978556,0.102673762400481,24.692237856765,5.80101070696554e-05,0.000951670327744869
"ZNF3",1721.44342022145,0.328385620424273,0.0811186113140644,24.6834659346879,5.82459481440441e-05,0.000953720431034637
"MAGOH",2638.82516923847,0.2921832903337,0.0637263188193432,24.6800647143436,5.83376490861159e-05,0.000953729409981298
"LRP1",2064.17035715939,-0.375528932345863,0.103206655257261,24.6733427926919,5.85193021124709e-05,0.000955206642750051
"GNPTAB",3157.74633916397,0.142549747455683,0.0531840565738906,24.6585995934227,5.89196920902287e-05,0.000960244140716609
"B4GALT2",3960.67983208744,-0.300120199407471,0.0731315414945309,24.6213131418161,5.99444888050732e-05,0.000975426417367777
"IDE",5601.6145317322,0.25117666955353,0.0600347575334821,24.6068274188597,6.03473792475025e-05,0.000980457498550651
"ZNF585B",501.629465448875,0.573427084627686,0.154949649594127,24.5731983855607,6.12931023009356e-05,0.000994278650193317
