"gene_id","gene_name","gene_biotype","baseMean","log2FoldChange","lfcSE","stat","pvalue","padj"
"ENSG00000113811","SELENOK","protein_coding",2957.95776642045,2.13990759119483,0.0571819406620134,37.5051493177961,7.59216442679184e-308,1.19781578161495e-303
"ENSG00000111678","C12orf57","protein_coding",1502.67244329367,2.39920598887612,0.0798180097500169,30.1835485822942,3.89437446307034e-200,3.07207729519303e-196
"ENSG00000120742","SERP1","protein_coding",2848.63084072488,1.80006528735628,0.061326932996193,29.4645492431498,8.19721100031461e-191,4.31091326506545e-187
"ENSG00000100196","KDELR3","protein_coding",751.957706277351,2.74687869177021,0.0965350864434134,28.4959315394376,1.31562125993482e-178,5.18913915449793e-175
"ENSG00000163191","S100A11","protein_coding",1871.26348637873,1.75782402355858,0.0629090868526135,28.0359886318544,5.92004022165896e-173,1.86800949154227e-169
"ENSG00000181649","PHLDA2","protein_coding",492.035142125035,3.7230489736822,0.134191594590128,27.8099714863378,3.28620673001977e-170,8.641080596587e-167
"ENSG00000198832","SELENOM","protein_coding",1600.26709591602,2.54689639953622,0.092627616706152,27.6306004290903,4.77423992382452e-168,1.07604547540256e-164
"ENSG00000198682","PAPSS2","protein_coding",617.142535270696,2.88889929101715,0.105644664420092,27.4408367074945,8.93716606910175e-166,1.76252086340273e-162
"ENSG00000099958","DERL3","protein_coding",597.098403280674,2.69712285978485,0.101426542267344,26.6963291233708,5.19215902218948e-157,9.10185476589816e-154
"ENSG00000150961","SEC24D","protein_coding",538.280677231569,3.17090761324545,0.119666272685214,26.5667052244576,1.64693206545033e-155,2.59836471966099e-152
"ENSG00000113083","LOX","protein_coding",458.788644457003,3.03317583721571,0.11934113817896,25.4675078149992,4.51750774125474e-143,6.4793381485251e-140
"ENSG00000160789","LMNA","protein_coding",1326.51524178454,1.81329909950892,0.073332068462982,24.8379195763891,3.49268548174038e-136,4.59200823711817e-133
"ENSG00000149428","HYOU1","protein_coding",1792.86727057853,1.55220622898276,0.0630371182384106,24.721125647118,6.34001885176818e-135,7.69434441725743e-132
"ENSG00000185222","TCEAL9","protein_coding",2345.55019564118,1.44923358973042,0.0602812696760691,24.1405099819593,9.39309220656356e-129,1.05853439816395e-125
"ENSG00000163902","RPN1","protein_coding",4382.56740446272,1.24392028243885,0.0518781285460564,24.0291169608099,1.3802901448604e-127,1.45178917436417e-124
"ENSG00000168374","ARF4","protein_coding",3074.88872393813,1.33679537052527,0.0565028620013862,23.7531602359797,1.01915046255129e-124,1.00494605297948e-121
"ENSG00000147535","PLPP5","protein_coding",364.051311011252,3.2378369027752,0.139718419520919,23.2799717004535,7.07415840421399e-120,6.56523512607554e-117
"ENSG00000123989","CHPF","protein_coding",736.572032340249,2.16920724740557,0.0941046042111028,23.2060838777791,3.95273352544597e-119,3.46457093505339e-116
"ENSG00000124783","SSR1","protein_coding",2005.83688046122,1.35885549413449,0.059876015403668,22.8007073926014,4.51163489716586e-115,3.74631914592556e-112
"ENSG00000184515","BEX5","protein_coding",447.136467625068,2.66048846315469,0.118114684140927,22.6155975924254,3.04381418772989e-113,2.40111282199072e-110
"ENSG00000072778","ACADVL","protein_coding",623.909629767759,2.22447005862175,0.0992277218677111,22.5307688705845,2.0732634748197e-112,1.5576132305824e-109
"ENSG00000145050","MANF","protein_coding",2037.13426341933,1.29702065978134,0.0578634076637478,22.5208838731803,2.5914790527558e-112,1.8584438643331e-109
"ENSG00000128228","SDF2L1","protein_coding",2624.24355502036,1.5192449295486,0.0686274349863017,22.2677063376642,7.59926822374951e-110,5.21276759852591e-107
"ENSG00000181458","TMEM45A","protein_coding",411.554630580979,2.60664157271116,0.117731956973916,22.2443609710079,1.27901069132512e-109,8.40789653209854e-107
"ENSG00000114850","SSR3","protein_coding",2992.05930107331,1.17092356752989,0.0534244475461225,22.0233707797732,1.71983427717466e-107,1.08535301563939e-104
"ENSG00000112379","ARFGEF3","protein_coding",344.851802225044,2.77965597276759,0.128450953355564,21.7302836415286,1.0614450921134e-104,6.44093046856658e-102
"ENSG00000136240","KDELR2","protein_coding",2513.84480207539,1.16866966987168,0.0544274939564227,21.594027987547,2.04398413968543e-103,1.19436806562285e-100
"ENSG00000083444","PLOD1","protein_coding",808.299351643932,1.79402819810689,0.0839078577085664,21.524546909043,9.17124026716122e-103,5.16766634625009e-100
"ENSG00000257605","MYG1-AS1","lncRNA",439.199148932418,6.15086602527896,0.28609377925511,21.4738927030415,2.73152307257237e-102,1.48604274193015e-99
"ENSG00000124762","CDKN1A","protein_coding",312.86833526257,2.68947669208484,0.126317078082914,21.4207677931061,8.55668786964316e-102,4.49996215064534e-99
"ENSG00000108829","LRRC59","protein_coding",2726.66952700635,1.16828310548369,0.0550709946901173,21.3340725369566,5.4820927434103e-101,2.79003152299304e-98
"ENSG00000106803","SEC61B","protein_coding",5899.09943647618,1.2363871753972,0.0588896734516357,21.1104397960976,6.37764882625344e-99,3.14438017286877e-96
"ENSG00000108176","DNAJC12","protein_coding",681.018001937978,1.75760209268643,0.0841526787048701,20.9921582634369,7.73525147022757e-98,3.69815340744789e-95
"ENSG00000141756","FKBP10","protein_coding",2287.18463626845,1.15945826868956,0.0565333795620653,20.6286123177334,1.5194811723144e-94,7.05083954576597e-92
"ENSG00000121940","CLCC1","protein_coding",722.744485389302,1.705893724971,0.0842884570363691,20.3699162225865,3.09206438552671e-92,1.39381428029871e-89
"ENSG00000064666","CNN2","protein_coding",575.810681455146,1.88929850468812,0.0934953932338515,20.3323230579976,6.65747549860701e-92,2.91763863726452e-89
"ENSG00000136026","CKAP4","protein_coding",1983.35643339887,1.3069813071082,0.0673583725044236,19.5402973178143,4.98907724940795e-85,2.12736950713268e-82
"ENSG00000051108","HERPUD1","protein_coding",764.490505053222,1.5971036641423,0.0827932091623388,19.4217321974695,5.05556332690196e-84,2.09899006864558e-81
"ENSG00000155660","PDIA4","protein_coding",4470.48240233496,1.16764919623299,0.0606417209757008,19.3724369895259,1.318659317246e-83,5.33448411492057e-81
"ENSG00000058262","SEC61A1","protein_coding",2399.01368384325,1.11083512539132,0.0578740430221072,19.3091240104066,4.50142611804752e-83,1.7754749966109e-80
"ENSG00000010219","DYRK4","protein_coding",578.639968485257,1.66358298894114,0.0871271317048606,19.2226233096007,2.39357177457338e-82,9.21058094815711e-80
"ENSG00000166130","IKBIP","protein_coding",683.551550881247,1.55530312050162,0.0814846211688246,19.2037096272785,3.44580515340146e-82,1.29439209298131e-79
"ENSG00000165655","ZNF503","protein_coding",1273.77634989259,-1.27899807729595,0.0678831467142223,-18.9584903457323,3.75775981753633e-80,1.37874829398304e-77
"ENSG00000100883","SRP54","protein_coding",793.621704615965,1.51303402027634,0.0810552938029808,18.782342447576,1.0532914241165e-78,3.77676790870136e-76
"ENSG00000090520","DNAJB11","protein_coding",1073.39864533243,1.28768754398647,0.0706214361680429,18.3564592299179,2.93106361491784e-75,1.02763090339019e-72
"ENSG00000147400","CETN2","protein_coding",1149.24126778819,1.27753426726868,0.0700710738959572,18.354386990782,3.04504118511574e-75,1.0443829299472e-72
"ENSG00000104722","NEFM","protein_coding",998.936611158649,1.66277580463223,0.0918615974076998,18.2703835971613,1.42445906302839e-74,4.78163630582957e-72
"ENSG00000151135","TMEM263","protein_coding",925.917617442775,1.5159301308952,0.0835474400081026,18.2686935566855,1.46926217963988e-74,4.82928112670383e-72
"ENSG00000068903","SIRT2","protein_coding",621.757376968568,1.5328283240281,0.0847270218860987,18.2487260933832,2.11790543092858e-74,6.81922326199189e-72
"ENSG00000131871","SELENOS","protein_coding",1265.45901053773,1.20845916793318,0.0676123789557707,17.9779972337053,2.89771946513461e-72,9.14346400028574e-70
"ENSG00000132432","SEC61G","protein_coding",7374.81426082431,1.15185105131007,0.064985017447619,17.8411898681822,3.38412426230694e-71,1.0468887938513e-68
"ENSG00000162695","SLC30A7","protein_coding",654.899860161981,1.47415575483733,0.0834620335693335,17.7915464481126,8.21802341592106e-71,2.49337991217282e-68
"ENSG00000198380","GFPT1","protein_coding",492.13312576784,1.63900149120273,0.0931771131551874,17.7024846352263,4.01209300754657e-70,1.19431681849174e-67
"ENSG00000169228","RAB24","protein_coding",449.372603113456,1.73897493572181,0.0997663273325077,17.5991802556468,2.49915319239073e-69,7.30169257710158e-67
"ENSG00000076043","REXO2","protein_coding",1454.52036391432,1.06044094848998,0.0610021481693324,17.5199193222491,1.00968479064051e-68,2.89632671671551e-66
"ENSG00000144867","SRPRB","protein_coding",1474.27031265401,1.20726038241332,0.0698709319828154,17.4305881043707,4.83462142947668e-68,1.36206825522953e-65
"ENSG00000168894","RNF181","protein_coding",1178.06579031463,1.3851602569217,0.0804323591720608,17.3844398602371,1.0823967323248e-67,2.99596021857691e-65
"ENSG00000257698","GIHCG","lncRNA",290.116881491472,2.13826413611514,0.124595857637981,17.3180340469666,3.43907632192602e-67,9.35488053983222e-65
"ENSG00000183718","TRIM52","protein_coding",312.929559992924,2.06757857328661,0.12307458367799,16.9361780216845,2.43435808948645e-64,6.40114459630461e-62
"ENSG00000160209","PDXK","protein_coding",1112.4258934744,1.12779570149632,0.0675807952389503,16.8298093815176,1.47576426800873e-63,3.81690702563503e-61
"ENSG00000184840","TMED9","protein_coding",2993.74446173204,1.02744900395449,0.061688897188406,16.7981230396211,2.51889549291931e-63,6.40977648254645e-61
"ENSG00000137573","SULF1","protein_coding",179.160667080471,4.28167003929503,0.25817576263641,16.6316791953622,4.10914782572591e-62,1.02904801978536e-59
"ENSG00000163818","LZTFL1","protein_coding",378.67152442761,1.72470553335229,0.106495356172436,16.3325081054615,5.79521119048829e-60,1.42861010863022e-57
"ENSG00000176014","TUBB6","protein_coding",565.457349976684,1.49366412464128,0.0927283004499609,16.2906232259064,1.15050807012377e-59,2.79254858805272e-57
"ENSG00000126016","AMOT","protein_coding",1175.38297086414,-1.05375630019361,0.0655042790660147,-16.2126411465891,4.10539709492028e-59,9.81376514644807e-57
"ENSG00000068912","ERLEC1","protein_coding",449.481085228819,1.53838719637723,0.0957832698159273,16.2104745414816,4.25272164143782e-59,1.00142073637261e-56
"ENSG00000102401","ARMCX3","protein_coding",593.917648429373,1.39519451070658,0.0873246771791068,16.1186782034539,1.88600192065442e-58,4.31238439161809e-56
"ENSG00000214274","ANG","protein_coding",194.239835324963,2.73192661436006,0.171171703340613,16.0878484278723,3.10439612929092e-58,6.99686539026041e-56
"ENSG00000095380","NANS","protein_coding",1433.23348085603,1.04823352673443,0.0661943497704771,15.9865818691776,1.58492014936562e-57,3.52187115444246e-55
"ENSG00000101310","SEC23B","protein_coding",698.978174626844,1.28017924081124,0.0811647276550814,15.9273514881687,4.09331244207576e-57,8.9694708886985e-55
"ENSG00000115275","MOGS","protein_coding",797.132544000337,1.19775707638243,0.0766190154776365,15.78259120543,4.10004796593091e-56,8.8611584600674e-54
"ENSG00000142227","EMP3","protein_coding",354.653336276119,1.72558779837031,0.111041015644242,15.7056149239911,1.38428897875802e-55,2.95134151592775e-53
"ENSG00000169116","PARM1","protein_coding",178.533650903449,2.86533250719586,0.184497901248247,15.6608575526311,2.80094862176919e-55,5.89207552075366e-53
"ENSG00000138069","RAB1A","protein_coding",1199.40285767883,1.01365421581687,0.0656553840895313,15.5602793302582,1.3550623087444e-54,2.77646987598188e-52
"ENSG00000187867","PALM3","protein_coding",166.969777040648,2.85328300512888,0.186326881942244,15.4754062566976,5.08512361412202e-54,1.02856404179491e-51
"ENSG00000107798","LIPA","protein_coding",554.670869563132,1.36000905586372,0.0890010980861694,15.4471781223129,7.88193583035432e-54,1.57409242525949e-51
"ENSG00000013375","PGM3","protein_coding",462.994587194836,1.41900397028231,0.0932282945178873,15.3779272356471,2.30199809252877e-53,4.53982798822829e-51
"ENSG00000105669","COPE","protein_coding",2079.55384403877,1.01368840717653,0.0668731070086578,15.3158863950692,5.98898188285348e-53,1.15229472153389e-50
"ENSG00000138073","PREB","protein_coding",1111.50433978061,1.13859722835919,0.0752648690731126,15.3128372751986,6.27651062055988e-53,1.19306636217558e-50
"ENSG00000135549","PKIB","protein_coding",228.396856392972,2.12441387248391,0.140205951408941,15.3081356505316,6.74703313427216e-53,1.26723740189776e-50
"ENSG00000133872","SARAF","protein_coding",858.468214084322,1.1245329601908,0.0744654245724753,15.258596829959,1.4431841648212e-52,2.64757169399814e-50
"ENSG00000155961","RAB39B","protein_coding",157.055833328472,2.48093437489489,0.164729929206719,15.2156769959575,2.78325281123105e-52,5.04728501181521e-50
"ENSG00000100934","SEC23A","protein_coding",699.362293909945,1.19233345957451,0.0793577407679477,15.1819931251125,4.65421540015768e-52,8.3442677691236e-50
"ENSG00000143222","UFC1","protein_coding",1292.53651127394,1.15971898361593,0.0775808645693788,15.1199499488309,1.1963350140834e-51,2.12073904687571e-49
"ENSG00000006125","AP2B1","protein_coding",1291.95831129891,1.02894950325253,0.0694430992262053,14.9505217663835,1.54533638587329e-50,2.67920573185965e-48
"ENSG00000128590","DNAJB9","protein_coding",217.324009986618,2.07866031807661,0.141101261964685,14.8988108391394,3.35497497421571e-50,5.75341740958709e-48
"ENSG00000156925","ZIC3","protein_coding",609.620182875049,1.25375277781285,0.0855598048505727,14.805995088921,1.33989325938668e-49,2.22521010035197e-47
"ENSG00000133169","BEX1","protein_coding",658.749118418639,1.19732771031624,0.0824662558618914,14.6794812484837,8.72554259491749e-49,1.43398839083347e-46
"ENSG00000267757","EML2-AS1","lncRNA",143.337447496789,3.5446775546469,0.243669829297938,14.669425140012,1.01198779753092e-48,1.64599293625209e-46
"ENSG00000173221","GLRX","protein_coding",487.851844704761,1.32372286330477,0.0914182589456039,14.647174735632,1.40434884822915e-48,2.23802139176883e-46
"ENSG00000125844","RRBP1","protein_coding",590.90637239348,1.28325496876026,0.0893014369970078,14.5676321485014,4.5126289226323e-48,7.11957465123698e-46
"ENSG00000182718","ANXA2","protein_coding",513.462626201864,1.32547430170406,0.092178393794727,14.5493489159244,5.89615491065327e-48,9.21026099261155e-46
"ENSG00000070540","WIPI1","protein_coding",147.352001139883,2.909465481547,0.203618135586867,14.4346522253896,3.13221595336555e-47,4.79776418410177e-45
"ENSG00000171223","JUNB","protein_coding",299.950117479495,1.71872673891284,0.121792128109537,14.2732358763832,3.21316303530692e-46,4.78245973660729e-44
"ENSG00000131711","MAP1B","protein_coding",798.812403558637,1.20379969624926,0.0865523433071078,14.0921498357796,4.24440981445254e-45,6.20037533727941e-43
"ENSG00000151929","BAG3","protein_coding",389.120397233334,1.38550506904908,0.0999850201837367,14.0508899664009,7.6071995907607e-45,1.09107989039483e-42
"ENSG00000112473","SLC39A7","protein_coding",926.284953934904,1.00011321917781,0.0724826554983081,14.0128505927554,1.30077162043574e-44,1.84885350050582e-42
"ENSG00000171241","SHCBP1","protein_coding",446.47950266181,1.38192873168889,0.101011994307853,13.8845416076854,7.8601616015707e-44,1.10723008560697e-41
"ENSG00000168282","MGAT2","protein_coding",934.880460012644,1.0386634019494,0.0757937836377411,13.8551443274187,1.18418616952717e-43,1.65335444217966e-41
"ENSG00000154813","DPH3","protein_coding",1010.51652787588,1.04019733789958,0.0761424628781573,13.8291560242063,1.70003379350768e-43,2.35275729475181e-41
"ENSG00000137414","FAM8A1","protein_coding",673.697009838492,1.10534491213977,0.0808627772924479,13.8273414482483,1.74345786787679e-43,2.39187258969496e-41
"ENSG00000033100","CHPF2","protein_coding",427.16973082,1.3076982253072,0.0962456547264435,13.7655336617451,4.10839234412716e-43,5.54000906096532e-41
"ENSG00000145817","YIPF5","protein_coding",552.696493519372,1.18271371418797,0.0870685266182565,13.7513726994455,4.99722815167673e-43,6.68146343635626e-41
"ENSG00000139112","GABARAPL1","protein_coding",325.128732913701,1.50053100435415,0.111092893614547,13.6892764814042,1.17675137787942e-42,1.56013499905913e-40
"ENSG00000242247","ARFGAP3","protein_coding",428.254608474726,1.3115252272731,0.0971500717322486,13.6879517078884,1.19840038903663e-42,1.57559691148592e-40
"ENSG00000067248","DHX29","protein_coding",573.81144064132,1.18634257871337,0.0885866893906854,13.5622045852579,6.70889551106871e-42,8.67592167853533e-40
"ENSG00000173451","THAP2","protein_coding",139.079509864378,2.49188322254236,0.186118938055909,13.5557731555587,7.32363890212139e-42,9.39390658201375e-40
"ENSG00000137947","GTF2B","protein_coding",702.98983708914,1.35753431937856,0.101477841604147,13.5502090334334,7.90048391307081e-42,1.00520915077837e-39
"ENSG00000143333","RGS16","protein_coding",327.732408385425,1.48730600893756,0.111390305115181,13.5399988870997,9.07902940342021e-42,1.14591877518209e-39
"ENSG00000115977","AAK1","protein_coding",526.284679363083,1.24273164379108,0.0935810568073325,13.4393054127006,3.55760227555261e-41,4.41955048042468e-39
"ENSG00000111885","MAN1A1","protein_coding",511.956367391096,1.18409885720009,0.0904242417262746,13.2648771526877,3.70026731951633e-40,4.56086855468821e-38
"ENSG00000152661","GJA1","protein_coding",504.319259102805,1.20422161604705,0.0922361160666826,13.2224261710309,6.51287453091276e-40,7.8437878987947e-38
"ENSG00000143751","SDE2","protein_coding",529.652870576063,1.23761765770301,0.0949916106860631,13.2098104754512,7.70181010291082e-40,9.20541348436545e-38
"ENSG00000258818","RNASE4","protein_coding",113.920860067121,3.16753424323774,0.244749334562463,13.0547306069724,5.97209106665503e-39,6.97938375989751e-37
"ENSG00000117385","P3H1","protein_coding",450.83776159475,1.20569538895425,0.0941180618274,13.0038446343185,1.16343962125367e-38,1.32054582046901e-36
"ENSG00000139116","KIF21A","protein_coding",541.331414972576,1.1700621540912,0.0913183561321614,12.9894657055924,1.40403806194524e-38,1.57102897186596e-36
"ENSG00000043355","ZIC2","protein_coding",647.866925725695,-1.00898584459497,0.0790341708733079,-12.9361700830818,2.81307376496286e-38,3.10362690837896e-36
"ENSG00000076928","ARHGEF1","protein_coding",406.71845783556,1.26611672299091,0.0992675620940534,12.9275815248173,3.14558645321154e-38,3.4463831577999e-36
"ENSG00000173486","FKBP2","protein_coding",509.974011475587,1.22511399028998,0.0973543805444168,12.7852592546306,1.98200776870032e-37,2.084675771119e-35
"ENSG00000286264","","protein_coding",509.974011475587,1.22511399028998,0.0973543805444168,12.7852592546306,1.98200776870032e-37,2.084675771119e-35
"ENSG00000213347","MXD3","protein_coding",491.057165887577,1.15698741986875,0.0919312793665564,12.7835254832929,2.02670145794905e-37,2.11756747695776e-35
"ENSG00000259171","","protein_coding",108.359459068503,3.16105405508502,0.249899939898932,12.7684922240314,2.45871120258602e-37,2.5353651400784e-35
"ENSG00000185015","CA13","protein_coding",109.311900650477,2.7702480494312,0.220029034646406,12.7503110659041,3.10503796529865e-37,3.18105090769589e-35
"ENSG00000259343","TMC3-AS1","lncRNA",134.992724773009,2.29706394416849,0.183624109279661,12.7230624522919,4.40260663082734e-37,4.48128547190729e-35
"ENSG00000118855","MFSD1","protein_coding",307.407654525365,1.38654295481853,0.110972319793322,12.7007260471666,5.85836658200266e-37,5.88709869836025e-35
"ENSG00000106080","FKBP14","protein_coding",323.738405827075,1.3768603834166,0.110983924005741,12.614867812592,1.74850780379233e-36,1.73020401678284e-34
"ENSG00000110344","UBE4A","protein_coding",615.026202170733,1.06416129393993,0.0855947079451266,12.6145911152919,1.75465958474523e-36,1.73020401678284e-34
"ENSG00000122786","CALD1","protein_coding",1159.42189156378,1.06156491124872,0.085537934066803,12.6041359467227,2.00356267500322e-36,1.95124742737814e-34
"ENSG00000106348","IMPDH1","protein_coding",812.309056223286,1.04340820837537,0.0843376683885645,12.5670789863433,3.20342204987852e-36,3.10063740373824e-34
"ENSG00000120686","UFM1","protein_coding",653.276226035187,1.23589946181883,0.0999484857568423,12.554633953886,3.74911006391876e-36,3.56323551074978e-34
"ENSG00000167797","CDK2AP2","protein_coding",638.853047174625,1.04316452483722,0.0849584147863767,12.4694549759065,1.0957291452704e-35,1.02900706696018e-33
"ENSG00000160691","SHC1","protein_coding",343.314469245992,1.25595487078339,0.102467199241239,12.4433382320451,1.52015303021311e-35,1.41079143280425e-33
"ENSG00000133135","RNF128","protein_coding",279.453254302861,1.39802151437024,0.114775844822087,12.3868665149156,3.07838343835523e-35,2.80737893103644e-33
"ENSG00000155304","HSPA13","protein_coding",451.62774665774,1.12737145184656,0.0927022813912269,12.3498319590322,4.88132792749949e-35,4.42601785702065e-33
"ENSG00000114395","CYB561D2","protein_coding",338.348207820796,1.42924810722192,0.118034522752891,12.3324623353539,6.05671718113122e-35,5.46039011238327e-33
"ENSG00000122882","ECD","protein_coding",531.543123387572,1.08297969137746,0.0891308464841018,12.3256439879619,6.59147853878817e-35,5.9087361878671e-33
"ENSG00000170439","TMT1B","protein_coding",286.706984443147,1.32110576963418,0.10910104375666,12.3032795855435,8.696982914169e-35,7.75210731281607e-33
"ENSG00000162298","SYVN1","protein_coding",485.287683825105,1.04424657033767,0.0862842021939727,12.2901038279004,1.02374459198435e-34,9.07394293693091e-33
"ENSG00000118946","PCDH17","protein_coding",259.233571630623,1.49065835991272,0.123520919894565,12.2876073139803,1.05585083416572e-34,9.30623386068859e-33
"ENSG00000078177","N4BP2","protein_coding",339.346429032339,1.30253549754118,0.108042300961442,12.2468272775571,1.74697552209524e-34,1.52276424376224e-32
"ENSG00000157637","SLC38A10","protein_coding",383.568515182827,1.19446144356046,0.0992001642716957,12.2444637245466,1.79862012062965e-34,1.55916646391066e-32
"ENSG00000177951","BET1L","protein_coding",300.808069265536,1.30023146690032,0.108072005919031,12.2337253258708,2.05302454002384e-34,1.76997640262055e-32
"ENSG00000144655","CSRNP1","protein_coding",118.102241204975,2.53962039851169,0.210755893844809,12.2273303355372,2.22119269479743e-34,1.90455201879451e-32
"ENSG00000167861","HID1","protein_coding",116.537707865047,2.530897985218,0.211899169674455,12.1232345217312,7.95561846482556e-34,6.748160888148e-32
"ENSG00000170421","KRT8","protein_coding",157.820387956225,2.03013180482202,0.171408941044092,12.0694739451298,1.53109916764304e-33,1.29177281111787e-31
"ENSG00000272870","SAP30-DT","lncRNA",169.233039065861,1.86890174198557,0.157899527438095,12.0359304464688,2.30025893573955e-33,1.92016853064354e-31
"ENSG00000204348","DXO","protein_coding",327.13365361804,1.28574640562463,0.108960367324415,12.0096204269858,3.16293445193621e-33,2.61265009676427e-31
"ENSG00000109654","TRIM2","protein_coding",394.823129573598,1.15686077689416,0.0980836599381293,11.9881803973114,4.0980851732212e-33,3.35002537709383e-31
"ENSG00000145147","SLIT2","protein_coding",636.387690413269,-1.04019216243889,0.0884224427232898,-11.9568242350311,5.98056620126801e-33,4.8636800493508e-31
"ENSG00000204386","NEU1","protein_coding",502.236791954586,1.05443183312143,0.0897805190602355,11.9465612252547,6.76676189394951e-33,5.47483089235084e-31
"ENSG00000069956","MAPK6","protein_coding",413.145908710528,1.1179489702196,0.0952614083738521,11.9334955514342,7.91774642082536e-33,6.37338190211029e-31
"ENSG00000196544","BORCS6","protein_coding",337.446693417491,1.24469724086774,0.107005919350257,11.8313985818441,2.68628192854193e-32,2.09809257359436e-30
"ENSG00000222041","CYTOR","lncRNA",145.879743686588,1.98018607161195,0.171510836014772,11.7727184850355,5.3957255065159e-32,4.15260299103909e-30
"ENSG00000102109","PCSK1N","protein_coding",480.31557458999,1.11668808668215,0.0967392843932617,11.7637478532079,6.00100646144999e-32,4.57381057692253e-30
"ENSG00000127526","SLC35E1","protein_coding",422.1447577146,1.12068700234435,0.0972787137621031,11.7284596730533,9.11013948258514e-32,6.91012839503585e-30
"ENSG00000169379","ARL13B","protein_coding",311.842239834464,1.28877676544516,0.112269444241304,11.7092976803061,1.14221818339557e-31,8.62238099494353e-30
"ENSG00000135953","MFSD9","protein_coding",193.08719298411,1.58175966639392,0.137597832415844,11.7055237168558,1.19419617576527e-31,8.97182526907078e-30
"ENSG00000173540","GMPPB","protein_coding",365.020118097563,1.3036824844991,0.1142492582179,11.6453638389945,2.42285428653172e-31,1.80308358861372e-29
"ENSG00000003147","ICA1","protein_coding",104.238535047211,2.64346685884459,0.230986064112473,11.6328258074618,2.80650385172469e-31,2.07878926143945e-29
"ENSG00000109501","WFS1","protein_coding",249.725056203788,1.35575518648711,0.119206317567833,11.5910991456053,4.5722707281177e-31,3.37087454567817e-29
"ENSG00000125352","RNF113A","protein_coding",541.085573714985,1.01942456739529,0.0896273514978943,11.5677291783272,6.00510345580029e-31,4.4066287080075e-29
"ENSG00000164683","HEY1","protein_coding",396.305982429367,-1.01059022379462,0.0893820541989822,-11.50466462841,1.24974197298985e-30,9.12832366104667e-29
"ENSG00000151726","ACSL1","protein_coding",273.555109543367,1.32518403891784,0.117486057030755,11.4956401403402,1.38748586931752e-30,1.00414516331296e-28
"ENSG00000162670","BRINP3","protein_coding",101.291521323505,2.41417804403404,0.215387718976949,11.3983522759147,4.26107381478629e-30,3.0012036417805e-28
"ENSG00000260428","SCX","protein_coding",65.1741956860185,3.50283738286017,0.314819387005674,11.2707199470634,1.83066830149556e-29,1.26124252369849e-27
"ENSG00000120805","ARL1","protein_coding",374.858725873072,1.11211498908747,0.100672076937924,11.2601510855017,2.06404542164768e-29,1.40971621720067e-27
"ENSG00000198121","LPAR1","protein_coding",138.279328940452,1.8600807583808,0.168169968008033,11.2596285414219,2.07632051813737e-29,1.41198744890747e-27
"ENSG00000143457","GOLPH3L","protein_coding",367.811616988719,1.12176397322362,0.101570740969296,11.2513470407495,2.28081826689493e-29,1.54439784535628e-27
"ENSG00000131015","ULBP2","protein_coding",124.238802042802,1.97356384407273,0.180504816412186,11.1483536996472,7.29434356521892e-29,4.87639230629063e-27
"ENSG00000130222","GADD45G","protein_coding",75.2019071404555,3.61763189080221,0.330494887689696,11.0880681383602,1.43350078989553e-28,9.54276032159568e-27
"ENSG00000253293","HOXA10","protein_coding",412.280731102114,-1.00233015553146,0.0926981358003945,-11.0423703649459,2.38653003388295e-28,1.57540938680215e-26
"ENSG00000107175","CREB3","protein_coding",281.411145538983,1.21023839060752,0.111929659917825,11.0374022623152,2.5221977532307e-28,1.65802974803003e-26
"ENSG00000102580","DNAJC3","protein_coding",354.179286424347,1.11139984150714,0.102657723879366,11.0289433038214,2.77101692106507e-28,1.81403875367816e-26
"ENSG00000118596","SLC16A7","protein_coding",97.4168172883984,2.17353280013248,0.202739918481855,10.9390031836918,7.50201880218359e-28,4.83099390375716e-26
"ENSG00000173230","GOLGB1","protein_coding",630.699061752585,1.014702221941,0.0948143376356419,10.9138777885116,9.8943688960157e-28,6.29449427711451e-26
"ENSG00000072849","DERL2","protein_coding",432.881302356647,1.00748101036461,0.0942542207964021,10.9102147675475,1.03012693136845e-27,6.52703317116465e-26
"ENSG00000036448","MYOM2","protein_coding",122.202441688441,2.07058824061377,0.194804109591238,10.8418158883635,2.18098404559287e-27,1.34411661278589e-25
"ENSG00000232040","SCAND3","protein_coding",123.470877341146,1.84115894692942,0.173579889564515,10.8226180300743,2.68982150041656e-27,1.65125734677323e-25
"ENSG00000118495","PLAGL1","protein_coding",487.028763254404,1.04581083456145,0.0990972696827845,10.7624341639604,5.17839597423617e-27,3.11830356051619e-25
"ENSG00000164970","FAM219A","protein_coding",210.932040690578,1.35160997635597,0.128618717681492,10.739045899726,6.67304241134515e-27,4.00306426326207e-25
"ENSG00000151876","FBXO4","protein_coding",162.945259059708,1.5301345214732,0.146880498264114,10.6473590842097,1.79381929159556e-26,1.06796554579257e-24
"ENSG00000136352","NKX2-1","protein_coding",103.68778874343,2.10420008067315,0.203663670143556,10.5814592727262,3.63255957902056e-26,2.14647537371563e-24
"ENSG00000135750","KCNK1","protein_coding",188.945861596888,1.41790687317431,0.137783726032198,10.5345810116826,5.98491958321555e-26,3.49718800979228e-24
"ENSG00000065833","ME1","protein_coding",317.61483716037,1.11485963384199,0.109175128374101,10.4461594436472,1.5257941295018e-25,8.81774871104391e-24
"ENSG00000164023","SGMS2","protein_coding",144.167169334307,1.68525909122825,0.165045415453699,10.4430136803033,1.57722522148306e-25,9.08170887567087e-24
"ENSG00000166002","SMCO4","protein_coding",328.97660345168,1.10388721259786,0.108255816071424,10.4131552567226,2.15943401802341e-25,1.22994189539189e-23
"ENSG00000064012","CASP8","protein_coding",269.906997945968,1.14421279393591,0.11273788907654,10.3832025040114,2.95686576158181e-25,1.67807450073655e-23
"ENSG00000204438","GPANK1","protein_coding",329.699561300266,1.09035900899386,0.107991586639972,10.3233320857902,5.52710335503122e-25,3.10324233567002e-23
"ENSG00000006327","TNFRSF12A","protein_coding",236.617607037008,1.32628439549466,0.132367009382598,10.2597048299154,1.07033403662984e-24,5.96701770173464e-23
"ENSG00000185442","FAM174B","protein_coding",74.6221999783694,2.58419239422152,0.258197896407396,10.1991697857015,1.99974548918588e-24,1.09548557579464e-22
"ENSG00000100116","GCAT","protein_coding",277.026413661911,1.18191783878166,0.11934578143894,10.1644100075775,2.85847338446875e-24,1.54445666393026e-22
"ENSG00000272398","CD24","protein_coding",85.1679138573024,2.8901346494322,0.290946432755322,10.1322710561696,3.97312497379395e-24,2.13210859563086e-22
"ENSG00000104267","CA2","protein_coding",341.177614211091,-1.01772731196916,0.102863164331193,-10.1312946557644,4.01300439658835e-24,2.14620916491439e-22
"ENSG00000099337","KCNK6","protein_coding",76.2189258852314,2.60521084415675,0.264103565807917,10.0810995207436,6.69724386213691e-24,3.56967623016669e-22
"ENSG00000116717","GADD45A","protein_coding",271.04261622516,1.19469514974777,0.121525746961364,10.0640606914699,7.96439388869624e-24,4.21658531483089e-22
"ENSG00000237149","ZNF503-AS2","lncRNA",157.995272461056,-1.30428025168827,0.133119411681103,-10.0457691358006,9.58966272812074e-24,5.0432036287187e-22
"ENSG00000187601","MAGEH1","protein_coding",158.118837396293,1.415938568999,0.14492738475971,10.0210865929469,1.23141579746036e-23,6.41189671172676e-22
"ENSG00000204178","MACO1","protein_coding",293.993546113203,1.08661130317231,0.110969289812303,10.0154871559628,1.30318286486399e-23,6.74108723244565e-22
"ENSG00000139637","MYG1","protein_coding",316.053261145108,1.04019608539136,0.106716306456331,9.98554446109931,1.76330352926305e-23,9.03235057830624e-22
"ENSG00000186868","MAPT","protein_coding",186.16806367104,1.42904304306614,0.147109599223046,9.98437540212916,1.78421207819051e-23,9.10987506718825e-22
"ENSG00000118777","ABCG2","protein_coding",76.9452808716278,2.37960668372887,0.244772989973409,9.97028953058619,2.05628525295378e-23,1.03389950314274e-21
"ENSG00000196284","SUPT3H","protein_coding",212.858016579438,1.21765355998477,0.125432823580863,9.95590508267538,2.37650467096879e-23,1.19028933948808e-21
"ENSG00000196507","TCEAL3","protein_coding",121.291146913534,1.62613465557352,0.167633492454144,9.94749010981442,2.58623553367054e-23,1.29123538021266e-21
"ENSG00000153234","NR4A2","protein_coding",85.0915893841446,2.22787247444093,0.229630193424715,9.94406449525157,2.67677188818224e-23,1.33222176908048e-21
"ENSG00000110330","BIRC2","protein_coding",355.63873435147,1.01545805315782,0.105039391076094,9.89531809989073,4.36221389561466e-23,2.15070776972227e-21
"ENSG00000088970","KIZ","protein_coding",203.821885932808,1.28009772334563,0.133345510749225,9.84140176969436,7.46631953787375e-23,3.63568281941464e-21
"ENSG00000163328","GPR155","protein_coding",165.261545638235,1.54655345927859,0.161611735071597,9.8281556087997,8.51641602623697e-23,4.13426140449048e-21
"ENSG00000105829","BET1","protein_coding",335.51141721911,1.02029176798798,0.106306873034438,9.82351852380303,8.91755193628577e-23,4.31571217480922e-21
"ENSG00000116711","PLA2G4A","protein_coding",140.046462983675,1.57723390605699,0.165286015459499,9.79843763725593,1.14340454829428e-22,5.5166646967703e-21
"ENSG00000081803","CADPS2","protein_coding",148.427586436837,1.50969501584217,0.160329322780256,9.68091898098247,3.63434291674785e-22,1.72189273866459e-20
"ENSG00000164128","NPY1R","protein_coding",64.0011967594959,2.63682102943543,0.279694894922578,9.64222082396149,5.30281122699836e-22,2.49738664860756e-20
"ENSG00000145088","EAF2","protein_coding",125.340606987426,1.56732236930353,0.167950126704464,9.58470145429092,9.27254207049483e-22,4.30342526355159e-20
"ENSG00000134262","AP4B1","protein_coding",170.130852902859,1.27109294989454,0.136691790043444,9.55184859517347,1.27402346753661e-21,5.87727141734653e-20
"ENSG00000106733","NMRK1","protein_coding",128.714057428425,1.57139930002982,0.169167574996411,9.54515591802944,1.35903017641852e-21,6.25114259281487e-20
"ENSG00000135709","KIAA0513","protein_coding",97.1637597527462,1.96952126675426,0.212940794558913,9.50068383506292,2.08516439929359e-21,9.50798807157659e-20
"ENSG00000187266","EPOR","protein_coding",105.950806437696,1.77415043476011,0.192857667213749,9.47561051906653,2.65205263069548e-21,1.19206365682287e-19
"ENSG00000168701","TMEM208","protein_coding",284.573335266751,1.05189237276371,0.114435060530497,9.45164720520182,3.3353991277397e-21,1.4865138993884e-19
"ENSG00000120519","SLC10A7","protein_coding",183.166778903336,1.24754321159392,0.136115130328329,9.41715927186535,4.63456851307629e-21,2.04816771514859e-19
"ENSG00000158480","SPATA2","protein_coding",226.391071737579,1.16767863926585,0.128087143237056,9.36649178678967,7.49834423103175e-21,3.28614935924967e-19
"ENSG00000119632","IFI27L2","protein_coding",198.613674715249,1.23331217749351,0.136342162589568,9.3177028559804,1.18886279775249e-20,5.16713177965317e-19
"ENSG00000056972","TRAF3IP2","protein_coding",136.481497291075,1.46704024131309,0.162832073566758,9.28077170710055,1.68255455408585e-20,7.25291344257171e-19
"ENSG00000136052","SLC41A2","protein_coding",101.247744175122,1.72712093335107,0.193415752975447,9.22991141652582,2.70855808244134e-20,1.15494380720749e-18
"ENSG00000117682","DHDDS","protein_coding",190.786895629029,1.23008075289518,0.137681875805054,9.18710196252534,4.03567180803828e-20,1.70242765014492e-18
"ENSG00000091986","CCDC80","protein_coding",142.916187979377,1.49494366075178,0.167839057588851,9.17713423350422,4.42716251147203e-20,1.85764209956101e-18
"ENSG00000052749","RRP12","protein_coding",285.396278993155,1.08362268477557,0.122250232938956,9.14363806549661,6.03859252877036e-20,2.51374338592111e-18
"ENSG00000129226","CD68","protein_coding",48.8199349392468,3.78290307747206,0.424349323518953,9.05870124222365,1.32012978522998e-19,5.42387698478475e-18
"ENSG00000197712","FAM114A1","protein_coding",103.440032837116,1.62149594624953,0.185256099600886,9.04360488307783,1.51588430796143e-19,6.21197577317079e-18
"ENSG00000125657","TNFSF9","protein_coding",108.303014006402,1.54171210056314,0.175959293869312,9.03132686648343,1.69602673124073e-19,6.91426711596512e-18
"ENSG00000198018","ENTPD7","protein_coding",233.957146217007,1.07195891093426,0.122555071717944,8.99503638888252,2.36153970538343e-19,9.48041016077209e-18
"ENSG00000115520","COQ10B","protein_coding",223.035362441863,1.07612140417429,0.124063024346874,8.93066994251024,4.23436655661926e-19,1.66183087472095e-17
"ENSG00000198855","FICD","protein_coding",72.1275688471101,1.97443055073844,0.229301199150568,8.89776699594864,5.69814864560855e-19,2.22523988073678e-17
"ENSG00000204186","ZDBF2","protein_coding",243.376221634418,1.08770635575569,0.125908413727239,8.88835132443677,6.20223052501552e-19,2.41611335785605e-17
"ENSG00000121931","LRIF1","protein_coding",142.586218096544,1.31623246273456,0.153577587319591,8.85095422063631,8.67741497109856e-19,3.33911160973224e-17
"ENSG00000007237","GAS7","protein_coding",64.5350986805253,2.12398687189531,0.249196215460248,8.79697141970334,1.40558089249594e-18,5.31794957815551e-17
"ENSG00000187792","ZNF70","protein_coding",106.902093420522,1.52335634903467,0.178910409478952,8.77880680472878,1.65218050073812e-18,6.20629803812984e-17
"ENSG00000173621","LRFN4","protein_coding",194.587693808689,-1.03878341422703,0.122155421092368,-8.76525447798414,1.86355235473542e-18,6.98367351559639e-17
"ENSG00000186594","MIR22HG","lncRNA",64.9563865113039,2.42409569186185,0.285738461016677,8.75620350259959,2.01936981211726e-18,7.54966766013603e-17
"ENSG00000125813","PAX1","protein_coding",39.0189483448971,3.43849119600833,0.400889012966587,8.75487580422935,2.04328360645854e-18,7.6210131108975e-17
"ENSG00000163683","SMIM14","protein_coding",108.624568670579,1.60856119412706,0.190390834750079,8.74939274145575,2.14503898678745e-18,7.98166983361923e-17
"ENSG00000205002","AARD","protein_coding",60.1803989247732,2.21444473747417,0.261683212842435,8.72456011306869,2.67217314109748e-18,9.80438968537092e-17
"ENSG00000117308","GALE","protein_coding",215.455830692365,1.08199459471897,0.128226161098334,8.72150786875339,2.74521156280386e-18,1.00490029759528e-16
"ENSG00000138378","STAT4","protein_coding",42.0103295455928,3.31446884439193,0.388705630653583,8.71483372528615,2.91185715971977e-18,1.06097853138334e-16
"ENSG00000170161","FAM88B","lncRNA",207.703571418197,1.0387576315647,0.125615936531004,8.54951542772227,1.23606348007683e-17,4.3104980546503e-16
"ENSG00000074410","CA12","protein_coding",166.765751846315,1.19527508497305,0.144643286773578,8.5383462080287,1.3615645506262e-17,4.71083419193632e-16
"ENSG00000128594","LRRC4","protein_coding",46.2604261924199,2.8208462902589,0.339901147646937,8.53584670188709,1.3913273469616e-17,4.80327605098756e-16
"ENSG00000204054","LINC00963","lncRNA",158.142150798042,1.16959125013005,0.141953392115111,8.52407084672559,1.54041325957042e-17,5.29479302750382e-16
"ENSG00000101844","ATG4A","protein_coding",227.088379715914,1.00974399292024,0.122418564193501,8.50986895504074,1.74130042445154e-17,5.94642787804587e-16
"ENSG00000163249","CCNYL1","protein_coding",228.934343009609,1.06462200474503,0.129219797342677,8.50695287266748,1.78564070124291e-17,6.0846767480582e-16
"ENSG00000170162","VGLL2","protein_coding",70.8846990822409,1.91400103971859,0.234177611978654,8.46131654202249,2.64375716550163e-17,8.95076326182817e-16
"ENSG00000270141","TERC","lncRNA",121.728229459356,-1.35122663205443,0.166983013502495,-8.40541661595535,4.26345382371985e-17,1.43115980801762e-15
"ENSG00000169242","EFNA1","protein_coding",135.819571496909,1.23431233539332,0.152699256730077,8.37156955182754,5.68557977546576e-17,1.87268041999005e-15
"ENSG00000008735","MAPK8IP2","protein_coding",100.001465927018,-1.35601432295143,0.169192744260124,-8.33244097667445,7.91923423519851e-17,2.58678589086391e-15
"ENSG00000221968","FADS3","protein_coding",190.053820279164,1.07984921702785,0.135466314986433,8.27183987565883,1.31907384597414e-16,4.25583396072269e-15
"ENSG00000168032","ENTPD3","protein_coding",50.5818587774688,5.86568961054604,0.712844948967019,8.14124607072609,3.91230343186388e-16,1.23202417653725e-14
"ENSG00000086619","ERO1B","protein_coding",169.751656360967,1.11964535033041,0.14344756770358,8.09538216011719,5.70848512575421e-16,1.77944368244908e-14
"ENSG00000092096","SLC22A17","protein_coding",109.204883256115,1.40714086742493,0.183502180176423,8.00060153715686,1.2381284594121e-15,3.75652936618168e-14
"ENSG00000198088","NUP62CL","protein_coding",148.640598226871,1.14739836426749,0.149623868916038,7.96021236118503,1.71744259643163e-15,5.20078538270668e-14
"ENSG00000105376","ICAM5","protein_coding",78.3970639820638,1.72112512555212,0.225018111750794,7.95821160610545,1.74543665770781e-15,5.27543182924448e-14
"ENSG00000178033","CALHM5","protein_coding",36.4550592576924,4.03005806738801,0.514836094184684,7.94898426015739,1.88046940587314e-15,5.67268944865402e-14
"ENSG00000158467","AHCYL2","protein_coding",99.384906110727,1.40713014046629,0.18398735572439,7.9477004657686,1.90005386229069e-15,5.72083011170997e-14
"ENSG00000196177","ACADSB","protein_coding",166.180126241949,1.07312323925811,0.141296737638596,7.88886820642374,3.04939344586439e-15,9.06031645864452e-14
"ENSG00000128165","ADM2","protein_coding",48.3759802533237,2.60891547105908,0.341974421596443,7.88811112500362,3.06794525712695e-15,9.0983030679872e-14
"ENSG00000177888","ZBTB41","protein_coding",121.309880832268,1.24760480634187,0.165794861355451,7.84191041107473,4.43742922674547e-15,1.30371174879634e-13
"ENSG00000196220","SRGAP3","protein_coding",70.6643681038585,1.81464026681367,0.242448751106102,7.81057601983439,5.69272107118371e-15,1.64193894588785e-13
"ENSG00000135241","PNPLA8","protein_coding",184.902945364529,1.02205177614952,0.136332591575059,7.78600755238634,6.91598179032131e-15,1.98028030319237e-13
"ENSG00000124374","PAIP2B","protein_coding",144.002449105299,1.12624602473569,0.150945256147118,7.77163252029568,7.74809592282886e-15,2.2065290500807e-13
"ENSG00000138678","GPAT3","protein_coding",68.4965555236703,1.65401052381999,0.22260800894089,7.76585918931699,8.1093605031969e-15,2.30525010196284e-13
"ENSG00000172594","SMPDL3A","protein_coding",95.4975417487167,1.40301538846574,0.189370542294191,7.7371199851706,1.016940795325e-14,2.87017440569633e-13
"ENSG00000167191","GPRC5B","protein_coding",139.046784242381,1.16963035641532,0.158038757066048,7.72070053101253,1.15692080485601e-14,3.24781842316963e-13
"ENSG00000181035","SLC25A42","protein_coding",142.64735773514,1.13512081291101,0.153606803684867,7.7066994914843,1.29113344064302e-14,3.6053473085e-13
"ENSG00000139793","MBNL2","protein_coding",110.943810849157,1.31697115172555,0.178666091205431,7.68655794045717,1.5114625233487e-14,4.19830004064655e-13
"ENSG00000227199","ST7-AS1","lncRNA",62.8107653131062,1.97643751789586,0.268562302052558,7.68020744002089,1.58831181884271e-14,4.39627992383886e-13
"ENSG00000188092","GPR89B","protein_coding",162.031328650936,1.06585764104989,0.144725215377333,7.67849393583844,1.60969776640921e-14,4.43989539521645e-13
"ENSG00000170961","HAS2","protein_coding",77.5485746006828,-1.51171997489467,0.207125117835927,-7.62684423532304,2.40569971950298e-14,6.5102443352656e-13
"ENSG00000227640","SOX21-AS1","lncRNA",120.432878759178,1.1833951882064,0.162318670457451,7.61285321771245,2.68110218195904e-14,7.20609014050558e-13
"ENSG00000179066","","lncRNA",42.8754234271691,2.48174023596588,0.339765154103282,7.59676606601203,3.03622680767931e-14,8.11907632961975e-13
"ENSG00000136732","GYPC","protein_coding",164.897131615347,1.04111350734455,0.143499555557851,7.56894142182561,3.76277766492052e-14,1.00279295978802e-12
"ENSG00000138835","RGS3","protein_coding",45.1178231249203,2.16078291246937,0.298767335579608,7.55537539117128,4.17653505843876e-14,1.10931302385502e-12
"ENSG00000189114","BLOC1S3","protein_coding",144.23755213596,1.07013935293,0.147879632539854,7.54910885326645,4.38246481710143e-14,1.16010314462096e-12
"ENSG00000278175","GLIDR","lncRNA",145.534614008083,1.05654615755507,0.147289596249485,7.48957086317093,6.90991687391564e-14,1.80492977681734e-12
"ENSG00000272173","","lncRNA",34.4724192112307,2.84897919709685,0.395687467375231,7.47473479392654,7.73597075419288e-14,2.01403317803467e-12
"ENSG00000176142","TMEM39A","protein_coding",157.217631546488,1.05824075848968,0.147768894922644,7.46719716546569,8.19209761815099e-14,2.12927057860903e-12
"ENSG00000148600","CDHR1","protein_coding",56.213223422971,1.82689190175114,0.256189065235714,7.46323139855123,8.44258860336442e-14,2.18717110665485e-12
"ENSG00000104213","PDGFRL","protein_coding",88.2153101118656,1.37601751002182,0.193440530985481,7.45953092177014,8.68310503392044e-14,2.24579259213382e-12
"ENSG00000259024","TVP23C-CDRT4","protein_coding",52.1897927644904,2.02322087418112,0.284705654222023,7.42842030839176,1.09902262108956e-13,2.83785268296728e-12
"ENSG00000138650","PCDH10","protein_coding",145.806259241671,1.09681668916947,0.154871349111835,7.40054642981336,1.35625237816171e-13,3.48495012544906e-12
"ENSG00000172965","MIR4435-2HG","lncRNA",66.6813199854071,1.76070590331774,0.250885515378795,7.36481520508194,1.7739242846228e-13,4.52867369554918e-12
"ENSG00000239704","CDRT4","protein_coding",49.4971173369615,2.08283483619627,0.295968899926709,7.36231355824285,1.80749780873875e-13,4.60692939070619e-12
"ENSG00000074416","MGLL","protein_coding",47.0720236902008,1.89857742516933,0.274675857595934,7.28312367017878,3.26177956000813e-13,8.104109624921e-12
"ENSG00000136010","ALDH1L2","protein_coding",111.608319188836,1.31283860826315,0.190166985737205,7.23534634897839,4.64342580907076e-13,1.14467701546421e-11
"ENSG00000275074","NUDT18","protein_coding",75.9843766157608,1.44521514672641,0.210181314608049,7.22961200279369,4.8437588885794e-13,1.1884911972802e-11
"ENSG00000100105","PATZ1","protein_coding",134.044231116333,-1.00308941183274,0.145030801627418,-7.22585468747037,4.97959988194419e-13,1.21992464809679e-11
"ENSG00000160685","ZBTB7B","protein_coding",140.339069698681,1.03748686315635,0.151273931540366,7.18613172388274,6.66527425297835e-13,1.61781587521907e-11
"ENSG00000153714","LURAP1L","protein_coding",43.1334158013326,2.13453629444581,0.311427993566317,7.17256112709205,7.36075307527271e-13,1.78114419123585e-11
"ENSG00000172071","EIF2AK3","protein_coding",134.1383795107,1.09884400724212,0.161010828157794,7.15899664989874,8.12696721151871e-13,1.95456039170931e-11
"ENSG00000139508","SLC46A3","protein_coding",69.305178473375,1.46793879538272,0.217663982128431,7.11763697872935,1.09793085428405e-12,2.61662463565550e-11
"ENSG00000233822","H2BC15","protein_coding",37.244064750434,2.67121594584877,0.39207987832352,7.10601158424059,1.19444393125258e-12,2.82954082633211e-11
"ENSG00000012822","CALCOCO1","protein_coding",120.365348937807,1.08467977847144,0.160261667850446,7.10032838766382,1.24460796171634e-12,2.93954787604771e-11
"ENSG00000179454","KLHL28","protein_coding",123.656742771501,1.12798943159379,0.166542803023289,7.09921277371948,1.25469514919732e-12,2.95894250655997e-11
"ENSG00000189050","RNFT1","protein_coding",139.861101207589,1.01115482981359,0.149462106814266,7.07596978010643,1.4840720302234e-12,3.46363970722405e-11
"ENSG00000291138","","lncRNA",69.1598166099275,1.4920914928085,0.222803887394698,7.06483868600707,1.60802684700393e-12,3.74186424265206e-11
"ENSG00000246089","MCPH1-DT","lncRNA",113.363262371911,1.16001430736685,0.173655456321201,7.03567474752715,1.98299018836222e-12,4.59407286369908e-11
"ENSG00000146233","CYP39A1","protein_coding",59.3915244847689,1.60912112440515,0.241976659249788,7.00351077646811,2.49626701071644e-12,5.73269354120426e-11
"ENSG00000255114","HYOU1-AS1","lncRNA",74.6108525700738,1.38776076845191,0.209306208168938,6.99933545963185,2.5717941497747e-12,5.89755760188887e-11
"ENSG00000283128","","protein_coding",138.506368949432,1.06397181705282,0.159860569449377,6.99446542105436,2.66272243550572e-12,6.09720926922696e-11
"ENSG00000291228","","lncRNA",78.770359572669,1.36454735243391,0.205824262061256,6.99072778677757,2.73463901830024e-12,6.25281156401781e-11
"ENSG00000136160","EDNRB","protein_coding",90.8148179460126,1.29913692591156,0.19638533838631,6.98975915962205,2.75358523402245e-12,6.27793558340639e-11
"ENSG00000228288","PCAT6","lncRNA",43.5702569638899,2.07668049922519,0.311892762789993,6.98976694000324,2.75343253919321e-12,6.27793558340639e-11
"ENSG00000152932","RAB3C","protein_coding",34.2021297069819,2.08742749252856,0.315248341059549,6.97721291369027,3.01093237665372e-12,6.82521265897497e-11
"ENSG00000197496","SLC2A10","protein_coding",53.6456995305122,1.72563875945443,0.262037272762903,6.93835081877315,3.96703600407597e-12,8.87772014699384e-11
"ENSG00000090539","CHRD","protein_coding",68.0448960867561,1.48333608042452,0.227240175529418,6.89195367326139,5.50312971382639e-12,1.21942243672807e-10
"ENSG00000151689","INPP1","protein_coding",121.769278901498,1.07265459966219,0.165036880924043,6.84925256787995,7.42368296480979e-12,1.62220839523274e-10
"ENSG00000114200","BCHE","protein_coding",78.1644358777229,1.38871468725849,0.215157328342472,6.83328841093853,8.29898687485083e-12,1.80348644524134e-10
"ENSG00000181291","TMEM132E","protein_coding",72.5458851555901,1.37124378553658,0.213033946075159,6.81213842366051,9.61585120963197e-12,2.06688398548179e-10
"ENSG00000289393","","lncRNA",46.9966496719438,1.85425336143567,0.290810276758171,6.77057789982634,1.28268996116591e-11,2.72735842551408e-10
"ENSG00000179832","MROH1","protein_coding",66.2670912066088,1.41713744592746,0.223291880094938,6.72943788756014,1.70319771644964e-11,3.568572426617e-10
"ENSG00000110811","P3H3","protein_coding",135.002130267537,1.02975496275729,0.163001267494196,6.68900591584407,2.24691650314867e-11,4.65829194089048e-10
"ENSG00000179562","GCC1","protein_coding",102.567718360568,1.09989139034,0.175406138367068,6.63262652803323,3.29765446243357e-11,6.7218468286582e-10
"ENSG00000272163","","lncRNA",74.2345634105496,1.30051715650218,0.208140553498801,6.62696865801525,3.42650349123566e-11,6.94857912355077e-10
"ENSG00000261652","PIERCE2","protein_coding",44.7876277446497,1.73100272646614,0.2774491956554,6.62636363767762,3.44057004634463e-11,6.96814809001018e-10
"ENSG00000205927","OLIG2","protein_coding",114.474420557075,1.07293297700458,0.171887219503233,6.59803001186514,4.16656936927837e-11,8.34276244989923e-10
"ENSG00000253161","LINC01605","lncRNA",72.1109388593787,-1.18462363962705,0.190349359552672,-6.59835093340008,4.15756214033295e-11,8.34276244989923e-10
"ENSG00000291233","","lncRNA",30.1761756242644,2.47740365884844,0.398007718246762,6.57007742132389,5.02891071866039e-11,9.91764055103811e-10
"ENSG00000077264","PAK3","protein_coding",64.939173567917,1.43612316131007,0.233498522995816,6.54430375940201,5.97731954395704e-11,1.16713082233924e-09
"ENSG00000261064","LINC02256","lncRNA",54.8151429312645,1.64060025354303,0.268624081598957,6.50741005524943,7.64575013367562e-11,1.47646266657283e-09
"ENSG00000286451","","lncRNA",59.9258340761725,1.41731792483673,0.232623606315101,6.48010990571352,9.16558291623645e-11,1.74223375505376e-09
"ENSG00000237457","BRINP3-DT","lncRNA",58.5176117939159,1.46230917804857,0.240718261917657,6.46034220132043,1.04466476397652e-10,1.97385341092905e-09
"ENSG00000143578","CREB3L4","protein_coding",87.7665871651953,1.13721855376189,0.187947605406862,6.42194473659408,1.34544270983793e-10,2.50796866159439e-09
"ENSG00000166289","PLEKHF1","protein_coding",88.0920658918972,1.17322787329661,0.195539057104306,6.37928181149948,1.77920371506963e-10,3.27543722434698e-09
"ENSG00000062524","LTK","protein_coding",35.5056187335553,1.86162095504247,0.311170997737213,6.3732452343025,1.85069593948702e-10,3.40308040061616e-09
"ENSG00000197061","H4C3","protein_coding",1726.58821593095,-1.01508266156447,0.170161974093256,-6.34777918635424,2.18445314783081e-10,4.00280108168718e-09
"ENSG00000170962","PDGFD","protein_coding",22.3205541793534,2.61713581355767,0.438799932055866,6.33921309233604,2.30941640690667e-10,4.22197713230203e-09
"ENSG00000141574","SECTM1","protein_coding",31.8538906924124,2.13877267646828,0.360257750044032,6.33489613479221,2.37501211562318e-10,4.33185735817189e-09
"ENSG00000255857","PXN-AS1","lncRNA",94.3743795231514,-1.07439786818136,0.181243615769253,-6.30233447989299,2.93195582023128e-10,5.30475538713175e-09
"ENSG00000266677","","lncRNA",41.0179211193574,7.12832212806421,1.25626914222602,6.29900451707,2.99563263570791e-10,5.41375671174842e-09
"ENSG00000275763","ZNF516-DT","lncRNA",22.1901741296595,3.10756456679655,0.517177776849699,6.29854211180518,3.00458102646721e-10,5.42371565841799e-09
"ENSG00000310235","","lncRNA",104.889883795337,1.0987892382823,0.18656896715946,6.29787466967105,3.01754330185475e-10,5.43467815905963e-09
"ENSG00000288753","","lncRNA",24.1299405588092,4.14622094216111,0.674341217866523,6.26833357021693,3.64932380302364e-10,6.46188346131358e-09
"ENSG00000164853","UNCX","protein_coding",70.9340730785664,-1.11880059671802,0.190489325612543,-6.26367069442257,3.76019124380898e-10,6.62843991660048e-09
"ENSG00000175170","FAM182B","lncRNA",49.1944074838921,1.57417847621041,0.270030619317958,6.23828752076269,4.42386990630626e-10,7.71219839909325e-09
"ENSG00000270933","","lncRNA",45.7258925474842,1.7192632393512,0.294744363662454,6.22569604868952,4.79422730558138e-10,8.33023394274862e-09
"ENSG00000135063","ENTREP1","protein_coding",43.5830453373871,1.78453854453915,0.306172128196116,6.2232674412635,4.86906340444637e-10,8.44167179471983e-09
"ENSG00000283149","","protein_coding",87.8735696758727,1.09355665206336,0.188295852797099,6.20350647012339,5.52187689895346e-10,9.51076985095946e-09
"ENSG00000269343","ZNF587B","protein_coding",97.0537658470346,1.01581518416181,0.17522683446006,6.16672618210394,6.97183302916644e-10,1.19170758072762e-08
"ENSG00000197635","DPP4","protein_coding",41.5561263365068,1.80507268544395,0.314222370639052,6.16116912488768,7.22098188448688e-10,1.22896905276752e-08
"ENSG00000297244","","lncRNA",91.7719580680283,1.02936198613331,0.179769643354944,6.11299949435935,9.77756809715051e-10,1.6375869625132e-08
"ENSG00000120820","GLT8D2","protein_coding",71.0165610237071,1.21914180977103,0.214771848049588,6.09519101976548,1.09306847204936e-09,1.82683700037317e-08
"ENSG00000158825","CDA","protein_coding",31.0588778969641,2.40808756934875,0.422224369769585,6.07630303663312,1.22984898585124e-09,2.03816464808561e-08
"ENSG00000075426","FOSL2","protein_coding",58.8943675558536,1.37217876677537,0.242773417525041,6.07045000389568,1.27552322631273e-09,2.10501359221087e-08
"ENSG00000125804","FAM182A","lncRNA",51.8370328465209,1.46665441593541,0.260943945731226,6.04704157200029,1.47529700834353e-09,2.42708664240208e-08
"ENSG00000186056","MATN1-AS1","lncRNA",23.8004173245437,2.81571817648148,0.492494627538361,6.03844370363257,1.55607696606141e-09,2.54934852477163e-08
"ENSG00000272599","","lncRNA",91.4281243622164,1.09078649720592,0.194350022345834,6.01057626953442,1.84865011848896e-09,2.99140029942568e-08
"ENSG00000186469","GNG2","protein_coding",61.9394318739781,1.29026750831711,0.231686799925548,5.98161355524835,2.20937948233999e-09,3.51739456033078e-08
"ENSG00000249509","NEUROG2-AS1","lncRNA",28.1700593736222,2.04107706431696,0.367466872701561,5.95762924414259,2.55923301674098e-09,4.05799188996205e-08
"ENSG00000146910","CNPY1","protein_coding",87.130859643153,1.07490113791409,0.193969912350382,5.94793510666006,2.71546200813704e-09,4.30138997011828e-08
"ENSG00000179111","HES7","protein_coding",24.9354720332063,2.542795893457,0.456552132379815,5.93883474575517,2.87055033478638e-09,4.5243429202722e-08
"ENSG00000111711","GOLT1B","protein_coding",363.152378899946,1.00298741702025,0.181779660454004,5.92323191391535,3.15675162761972e-09,4.95562889840362e-08
"ENSG00000146006","LRRTM2","protein_coding",37.7749788787739,2.41013542694454,0.434893886886203,5.90267990742499,3.57643766566343e-09,5.55915833016472e-08
"ENSG00000237499","WAKMAR2","lncRNA",17.5782038127463,2.80669552660639,0.505828358605209,5.88725802200519,3.92655453232984e-09,6.06157053391075e-08
"ENSG00000103034","NDRG4","protein_coding",62.9121628719054,1.25240224699953,0.229818168531605,5.86800921293257,4.41058751061674e-09,6.72977167843331e-08
"ENSG00000164438","TLX3","protein_coding",48.2138301476493,1.41134953599091,0.260948279030789,5.84453593967504,5.07982365522983e-09,7.66198640617218e-08
"ENSG00000198626","RYR2","protein_coding",57.0565460003631,1.43809295735848,0.267340107679996,5.79228616071935,6.94347037616245e-09,1.01809602346389e-07
"ENSG00000291005","NBPF25P","lncRNA",22.0616114969901,3.05608448558976,0.557834647904323,5.76988066359649,7.93276891774258e-09,1.15456914405189e-07
"ENSG00000278041","","lncRNA",67.7914856897628,-1.06961225728985,0.20006732409776,-5.76435050535986,8.19728999586728e-09,1.18868239213969e-07
"ENSG00000118972","FGF23","protein_coding",20.3786772402162,3.79327266692268,0.682800398304222,5.75390023723303,8.72076326506502e-09,1.25880587404328e-07
"ENSG00000280721","LINC01943","lncRNA",20.5291019152206,2.4296913157032,0.453381925596755,5.75274251160893,8.78071742504904e-09,1.26630145169103e-07
"ENSG00000179476","C14orf28","protein_coding",48.0400621681157,1.41787519054561,0.267685399619728,5.74169953389111,9.37310269250042e-09,1.34435855617799e-07
"ENSG00000170412","GPRC5C","protein_coding",65.3920426317639,1.17996354089191,0.222946995287561,5.73142802481068,9.95886067450773e-09,1.42448726075892e-07
"ENSG00000178700","DHFR2","protein_coding",48.8134374475252,-1.26379659799325,0.239169688538862,-5.72699685156143,1.02224065175705e-08,1.45821797131745e-07
"ENSG00000184500","PROS1","protein_coding",88.2310134347858,1.07263707313993,0.204061846850833,5.69679175166534,1.22082894585888e-08,1.72127062366538e-07
"ENSG00000128335","APOL2","protein_coding",70.721040000251,1.06626993376498,0.201996563169355,5.69607010439219,1.22600482193046e-08,1.72702482817829e-07
"ENSG00000096654","ZNF184","protein_coding",89.3351212861162,1.04151072381639,0.198034701974045,5.68737471198027,1.29007183340954e-08,1.81080634481337e-07
"ENSG00000176406","RIMS2","protein_coding",24.6491838946354,2.30514077320739,0.439607024762289,5.64788849096281,1.62430473209978e-08,2.24401539039739e-07
"ENSG00000164794","KCNV1","protein_coding",22.8442218217796,2.18842177578751,0.419447968437624,5.62565451456177,1.84805896133504e-08,2.54867362176424e-07
"ENSG00000003400","CASP10","protein_coding",83.6854767298823,1.02143691482781,0.196829459492022,5.60534145584098,2.07844801864404e-08,2.83665003374974e-07
"ENSG00000204611","ZNF616","protein_coding",61.7112816290675,1.13937473655376,0.224124444013569,5.53930092753468,3.0368142898409e-08,4.06707682116093e-07
"ENSG00000291149","","lncRNA",20.4378851825899,2.4891301185442,0.492765140943918,5.50871379050391,3.61465054288249e-08,4.80036545581288e-07
"ENSG00000293269","","lncRNA",21.9476307040011,2.01805821429435,0.404170331559986,5.46628149439304,4.5957431706811e-08,6.012192371794e-07
"ENSG00000271204","","lncRNA",63.039008699861,1.29362603862181,0.259492215719209,5.43768256695382,5.39780302362199e-08,6.95760933853628e-07
"ENSG00000293322","","lncRNA",38.2322555954943,1.49068690280045,0.301847196670402,5.43524395661199,5.47215114560692e-08,7.04193545059057e-07
"ENSG00000105290","APLP1","protein_coding",78.4478705825769,1.01659307155567,0.203620807958253,5.43493190773469,5.4817361865345e-08,7.04852093031417e-07
"ENSG00000285016","","lncRNA",22.9776067619386,2.22072610399735,0.447956277610848,5.42200812871353,5.89332016667129e-08,7.54698963227053e-07
"ENSG00000124370","MCEE","protein_coding",66.8166820226706,1.05943911734635,0.213483403996605,5.41805299283208,6.02515596612472e-08,7.69707576336434e-07
"ENSG00000018236","CNTN1","protein_coding",69.8409566550929,1.03226145053899,0.207758991967909,5.41244717155027,6.21691994234284e-08,7.93562669339345e-07
"ENSG00000138792","ENPEP","protein_coding",62.2963599082001,1.20771211583862,0.243802660889974,5.40724762240395,6.40006320860659e-08,8.15620333135591e-07
"ENSG00000135424","ITGA7","protein_coding",63.087775840991,1.06625434875084,0.215282596267928,5.39139942863997,6.99110827169475e-08,8.85222433407127e-07
"ENSG00000171956","FOXB1","protein_coding",54.6342226869103,-1.10581776544751,0.225059221439898,-5.37549744515076,7.63715349523986e-08,9.57801038906194e-07
"ENSG00000105464","GRIN2D","protein_coding",54.8120171307764,1.17097470949775,0.241146374960871,5.32497872747231,1.00964854684281e-07,1.23962841428319e-06
"ENSG00000184792","OSBP2","protein_coding",54.9495459792177,1.15792832622206,0.240702487124089,5.28954486221542,1.22621104361569e-07,1.49274163851271e-06
"ENSG00000198681","MAGEA1","protein_coding",60.3283979642938,-1.00547825844719,0.209150095528026,-5.26218368698511,1.42354436956155e-07,1.71053004711139e-06
"ENSG00000234817","ECI2-DT","lncRNA",15.9020101497217,4.31084030986319,0.839590117145177,5.25953778939753,1.44417949179644e-07,1.73400455419121e-06
"ENSG00000265962","GACAT2","lncRNA",24.768179655294,2.12451250371875,0.443865763843067,5.2584307949791,1.45289842052646e-07,1.74314664491604e-06
"ENSG00000233912","","lncRNA",28.159119458777,1.85439570039135,0.387888987026653,5.24571715990923,1.55675572083527e-07,1.85926835788176e-06
"ENSG00000146352","CLVS2","protein_coding",23.7013838903382,1.94400151858761,0.40839049391002,5.23355442138067,1.662810187492e-07,1.97397715034321e-06
"ENSG00000264023","","lncRNA",12.8452894310508,6.67071616785828,2.38852444455685,5.22228403794276,1.76729610140207e-07,2.08858656118505e-06
"ENSG00000132205","EMILIN2","protein_coding",59.375063287216,1.11433276334245,0.237463791090785,5.1801551446938,2.21701432328949e-07,2.58520583729034e-06
"ENSG00000069943","PIGB","protein_coding",61.6472077728536,1.04735332031227,0.222940446430133,5.16980440113768,2.34339137522701e-07,2.72250999462124e-06
"ENSG00000118515","SGK1","protein_coding",66.4513568191527,1.01442482173243,0.217828473931564,5.12467539732095,2.98050779547541e-07,3.40010639835253e-06
"ENSG00000167157","PRRX2","protein_coding",59.0842566159137,1.12326042376776,0.241207921593653,5.11857188243538,3.07857901291741e-07,3.50185588224932e-06
"ENSG00000156239","N6AMT1","protein_coding",27.7372570715275,-1.44629426379327,0.314430642897155,-5.11405894756688,3.15308888585085e-07,3.57116176253186e-06
"ENSG00000180660","MAB21L1","protein_coding",46.9299514894918,1.23845019034166,0.268881714114448,5.10611122013559,3.28856178863395e-07,3.7112760614648e-06
"ENSG00000143171","RXRG","protein_coding",44.7522661014926,1.20295768486717,0.264162361941096,5.05180281873461,4.37659387740629e-07,4.83201690719658e-06
"ENSG00000186364","NUDT17","protein_coding",34.6544691975609,-1.26186836078957,0.278972757126209,-5.03439441496234,4.7936179833071e-07,5.25565746508938e-06
"ENSG00000078114","NEBL","protein_coding",55.0516853635561,1.04924154974775,0.230704470279561,5.03137940842705,4.86963370462526e-07,5.33529242763005e-06
"ENSG00000196981","WDR5B","protein_coding",61.8811362426912,1.0347267439095,0.227704837454134,5.02403738434561,5.0596381621299e-07,5.51060120811382e-06
"ENSG00000123095","BHLHE41","protein_coding",51.5137942543395,1.17341625895312,0.262394837855127,4.96658814814573,6.8141087692522e-07,7.25902728240999e-06
"ENSG00000198453","ZNF568","protein_coding",52.7644298244362,1.0778391323568,0.241288566249342,4.9635330183675,6.92222666632875e-07,7.36425961663309e-06
"ENSG00000010310","GIPR","protein_coding",15.7397715226376,2.87476307826403,0.633686740190988,4.95082749485803,7.3898586501008e-07,7.80909577512661e-06
"ENSG00000245149","RNF139-DT","lncRNA",47.6243937419013,1.22938159105349,0.277201803666329,4.94596283141061,7.57684163942925e-07,7.99597528730938e-06
"ENSG00000101298","SNPH","protein_coding",50.3961052437535,1.11970123113416,0.254017088761177,4.91550914734492,8.85520155054433e-07,9.24609628477418e-06
"ENSG00000245248","USP2-AS1","lncRNA",28.2339670657328,-1.40732674347143,0.323411728693908,-4.89536199938859,9.81249308678104e-07,1.01515871101734e-05
"ENSG00000197705","KLHL14","protein_coding",28.0892387351511,1.4986994900543,0.345380565681681,4.88662821180232,1.0257753683891e-06,1.05775542399182e-05
"ENSG00000288765","","lncRNA",25.8776714533967,1.64137360490969,0.381309362946186,4.87373505730659,1.09507830987048e-06,1.12627447815037e-05
"ENSG00000296559","","lncRNA",14.0326132140098,3.99650066335571,0.850663139140227,4.86015433776463,1.17294274521714e-06,1.19953746610276e-05
"ENSG00000234546","LNCTAM34A","lncRNA",39.0912602439295,1.28994621610177,0.300306283254521,4.85260562740594,1.21849846987033e-06,1.24267940265961e-05
"ENSG00000140470","ADAMTS17","protein_coding",47.0139271375769,1.08867429242653,0.253536181595013,4.80577178874312,1.54155661185904e-06,1.54321945845812e-05
"ENSG00000225434","LINC01504","lncRNA",20.8237703839256,1.85972451694295,0.435543633018385,4.80110333857573,1.57793810380898e-06,1.57166221362338e-05
"ENSG00000305887","","lncRNA",12.6324593934877,2.79520795833836,0.641746171651278,4.77875439068003,1.76384496625487e-06,1.74252861819681e-05
"ENSG00000223891","OSER1-DT","lncRNA",32.275656839767,1.46529267699834,0.347967654688933,4.77399527232383,1.80606622928939e-06,1.78312308507501e-05
"ENSG00000203711","LINC02901","lncRNA",20.3836644735891,1.84825020560556,0.44187587043168,4.77279819354867,1.81683819030596e-06,1.79151600802857e-05
"ENSG00000105825","TFPI2","protein_coding",21.9535701683849,1.63150586709038,0.388969854483991,4.76921882832381,1.84941677594198e-06,1.82022760287191e-05
"ENSG00000157613","CREB3L1","protein_coding",52.6674773360246,1.17424839487139,0.277032375931201,4.76500485874256,1.88849098804018e-06,1.85752632907169e-05
"ENSG00000233067","PTCHD1-AS","lncRNA",22.7290253274229,-1.57328714303314,0.378016007173517,-4.75455109054902,1.98887843114424e-06,1.94897732969955e-05
"ENSG00000170396","ZNF804A","protein_coding",48.1490889457062,1.14296817033795,0.270454923219747,4.75440058597228,1.99036049734003e-06,1.94921896750674e-05
"ENSG00000203666","EFCAB2","protein_coding",49.0730900722228,1.068138534203,0.252134182528215,4.75242284573733,2.00993477131994e-06,1.96472991865642e-05
"ENSG00000224843","LINC00240","lncRNA",17.6402199236206,1.97225401315448,0.471052302048626,4.73695033850565,2.16958303896073e-06,2.107728547148e-05
"ENSG00000182050","MGAT4C","protein_coding",9.52204533496069,6.01290272172911,2.34074438174606,4.73548052682997,2.18536688639715e-06,2.1191477176821e-05
"ENSG00000290009","","lncRNA",12.6264079851872,2.94356119666635,0.678888216499532,4.73265869897324,2.21597923909392e-06,2.14224904749907e-05
"ENSG00000176641","RNF152","protein_coding",52.6226582116987,1.04692829650773,0.249932679484857,4.72405814381951,2.31184271970102e-06,2.22809667615901e-05
"ENSG00000123500","COL10A1","protein_coding",14.473659687589,5.89445692179835,2.30715273132531,4.71343672848033,2.43573379609958e-06,2.33892709075247e-05
"ENSG00000289372","","lncRNA",47.8027360427494,1.06995830457687,0.255544221715675,4.70494777770901,2.53930945598498e-06,2.420706059642e-05
"ENSG00000288818","","lncRNA",14.5845753763294,2.50082294081527,0.593824061626007,4.70230565027046,2.57240033407296e-06,2.45077053566842e-05
"ENSG00000180535","BHLHA15","protein_coding",13.9667726025288,2.70446488343894,0.643298039727743,4.68008380183837,2.86757680418727e-06,2.71071055959632e-05
"ENSG00000300083","","lncRNA",18.6887563850214,1.94724161265612,0.469774531650325,4.67208166259307,2.98162360853752e-06,2.80173172554476e-05
"ENSG00000260088","DDX59-AS1","lncRNA",15.7834062546887,2.55528624664159,0.610333095883015,4.65431413637019,3.25060902343703e-06,3.04361178414042e-05
"ENSG00000246375","PPM1K-DT","lncRNA",11.250481771539,2.93204885557891,0.690714310702449,4.64870246311895,3.34029644117528e-06,3.11833473091257e-05
"ENSG00000231769","","lncRNA",30.9059333869294,1.31458198912797,0.325798661104686,4.59670063392509,4.29233642820596e-06,3.92580822190177e-05
"ENSG00000175161","CADM2","protein_coding",39.6190192877923,1.18862535280375,0.294159176669587,4.59570096009993,4.31296883390637e-06,3.94011055544533e-05
"ENSG00000076356","PLXNA2","protein_coding",42.9295346442552,1.12175949621556,0.278435549612609,4.5670576882007,4.94617921843922e-06,4.46685000167805e-05
"ENSG00000125731","SH2D3A","protein_coding",35.1181985542718,1.22680313011508,0.309286283522848,4.53415467150424,5.78346382562705e-06,5.17265922771644e-05
"ENSG00000205129","CFAP96","protein_coding",14.0803701902458,4.393136130103,0.989058871063641,4.52764114825874,5.96457594934542e-06,5.31659575728366e-05
"ENSG00000165475","CRYL1","protein_coding",50.5368242558296,1.06955371385538,0.270800000836205,4.52296052774005,6.09806158037297e-06,5.4171800424293e-05
"ENSG00000306225","","lncRNA",20.6750709780336,1.58996306886282,0.404819531084384,4.50576017424458,6.61357499747725e-06,5.81942960040148e-05
"ENSG00000156463","SH3RF2","protein_coding",17.2977349937772,2.07719956406612,0.528881840817292,4.47594385748971,7.60744752784922e-06,6.59440990433819e-05
"ENSG00000273008","CSGALNACT2-DT","lncRNA",17.8881075068247,1.81046923683815,0.466503366094193,4.47583441617805,7.61134590593893e-06,6.59440990433819e-05
"ENSG00000301085","","lncRNA",10.4596164520044,4.95508248965793,1.28091427678581,4.47296229322529,7.71433847963951e-06,6.67264902375397e-05
"ENSG00000026950","BTN3A1","protein_coding",47.9110587456211,1.00831025994004,0.257318373145717,4.46879023285937,7.8663225482431e-06,6.78550961419526e-05
"ENSG00000309595","","lncRNA",10.3104729048864,3.66413645624052,0.879204979456073,4.46099629553171,8.15795006677033e-06,7.01023846423941e-05
"ENSG00000167311","ART5","protein_coding",36.2108170664759,-1.07664056694079,0.277822688999891,-4.45093460163188,8.54973781395002e-06,7.31503326956016e-05
"ENSG00000125740","FOSB","protein_coding",20.143067645734,1.70999995075126,0.445467106840702,4.44676253059049,8.71741131084133e-06,7.45041160623747e-05
"ENSG00000229970","","lncRNA",29.7493740440086,1.32141186811583,0.34239137848133,4.44614245915437,8.74259833691046e-06,7.46789247219471e-05
"ENSG00000289397","","lncRNA",18.7344247381946,1.94049048437733,0.499486060518793,4.44601311427823,8.74786102738012e-06,7.46834434139482e-05
"ENSG00000230424","EMC1-AS1","lncRNA",35.4435021885367,1.20702296927002,0.313018953335918,4.43695581695552,9.12400119196563e-06,7.7475439615523e-05
"ENSG00000164707","SLC13A4","protein_coding",41.4137294667244,1.03608947127326,0.268489643378985,4.43024657212072,9.41254035467131e-06,7.97538395143121e-05
"ENSG00000244239","ICA1-AS1","lncRNA",29.4423550452158,1.32737710786043,0.346076266110894,4.42738485942844,9.53824581121581e-06,8.07322447229355e-05
"ENSG00000164220","F2RL2","protein_coding",9.19847051162923,5.54265288907975,2.29926378588874,4.42691326516147,9.55911468384336e-06,8.08654972477194e-05
"ENSG00000170379","TCAF2","protein_coding",15.8432690363961,2.05551217200948,0.539037400363707,4.39465335106636,1.1094965840338e-05,9.30596895603468e-05
"ENSG00000244558","KCNK15-AS1","lncRNA",14.8927193068714,2.07843349459475,0.541734278439433,4.3907040807612,1.12984216385132e-05,9.45650918784205e-05
"ENSG00000108932","SLC16A6","protein_coding",24.2566740985317,1.52293967201961,0.403750666048084,4.37265206871546,1.2274626118539e-05,0.00010213964993259
"ENSG00000304351","","lncRNA",27.3645401616775,1.38919478647399,0.368866490160305,4.36893760857837,1.24852426724087e-05,0.000103728106183566
"ENSG00000197467","COL13A1","protein_coding",40.7382487338669,1.11419982834608,0.294332891075316,4.36079498075905,1.29590748228234e-05,0.000107381997625885
"ENSG00000099260","PALMD","protein_coding",22.0238253514518,1.55361883733482,0.415920093098942,4.3483118889928,1.37189415719783e-05,0.00011320279350476
"ENSG00000109819","PPARGC1A","protein_coding",39.0334031869678,1.06345774089005,0.282473190262545,4.3390235151979,1.43117209989492e-05,0.000117540875689964
"ENSG00000152784","PRDM8","protein_coding",36.3932772824434,1.10524568075323,0.294660872327948,4.32502045732286,1.52517707834592e-05,0.000124612733117885
"ENSG00000186019","ZNF225-AS1","lncRNA",21.4735611392801,1.51965977027548,0.40900794903979,4.32450398291951,1.52875442235888e-05,0.000124719159041452
"ENSG00000234779","BNC2-AS1","lncRNA",20.1637987052565,1.77647632837009,0.478925607209526,4.31865736059536,1.56981274875364e-05,0.000127664617201475
"ENSG00000293143","","lncRNA",43.1603684338217,1.01305046859007,0.273565035081197,4.27960016005328,1.87229366477995e-05,0.000149489762900978
"ENSG00000165092","ALDH1A1","protein_coding",14.2919573243004,1.94534235496004,0.530864805993702,4.27439602712867,1.91656114749962e-05,0.000152715076889402
"ENSG00000131080","EDA2R","protein_coding",37.9197707077308,1.12233335052003,0.307607326552749,4.24847023233634,2.15235239773218e-05,0.000169196132431592
"ENSG00000251637","LINC02754","lncRNA",13.8143550770127,2.19208222988595,0.59971192883076,4.2296071525429,2.34099754484891e-05,0.000182570035912413
"ENSG00000280594","BTG3-AS1","lncRNA",24.3887704615047,1.41737334958926,0.393017170358379,4.22365131814289,2.40375849089112e-05,0.00018709470996936
"ENSG00000159885","ZNF222","protein_coding",23.2291891404428,1.40644638346687,0.393556541145227,4.21368351597939,2.51239270185549e-05,0.000195261180577212
"ENSG00000111846","GCNT2","protein_coding",29.8651915134533,1.28457830394849,0.357782707466514,4.2037244158412,2.62558581935444e-05,0.000202759997415345
"ENSG00000182103","FAM181B","protein_coding",29.8902920291818,1.22591589467544,0.344187068002682,4.20304834457801,2.63344316707629e-05,0.000203167886782213
"ENSG00000139211","AMIGO2","protein_coding",20.5079773949486,1.47573824049816,0.416915713173082,4.19601562991689,2.71651508591493e-05,0.000209167684287359
"ENSG00000272661","","lncRNA",20.6408788470994,1.57018408662821,0.443072071409511,4.1794717945546,2.92186954229474e-05,0.000223128440313573
"ENSG00000059804","SLC2A3","protein_coding",36.807566690408,1.1991996878878,0.337055416241871,4.17803755532592,2.94035112600252e-05,0.000224322629182504
"ENSG00000262624","","lncRNA",12.0424062283347,2.02067432537675,0.570764582856613,4.17567461592815,2.9710424776612e-05,0.000226300633658798
"ENSG00000174871","CNIH2","protein_coding",31.0603243774509,-1.07286770380324,0.301806410415075,-4.17375271811299,2.99622959590784e-05,0.000228034319028645
"ENSG00000203952","CCDC160","protein_coding",14.6919771810326,1.90827096626938,0.541804961103491,4.16460180535686,3.11896432836161e-05,0.000235670020155944
"ENSG00000078081","LAMP3","protein_coding",16.283255332497,1.73398527959244,0.49573932065321,4.16066414108945,3.17323455410997e-05,0.000239083675072555
"ENSG00000073756","PTGS2","protein_coding",9.10013701619089,2.43641780540367,0.689079520973291,4.14687594723897,3.3704255495645e-05,0.000252015184338763
"ENSG00000242474","LINC03015","lncRNA",22.9350971232481,-1.22222452136965,0.351107314939869,-4.13072789198771,3.61616413553357e-05,0.000268733968753241
"ENSG00000167077","MEI1","protein_coding",11.0487446628396,3.27961995739864,0.880318182669736,4.08503500737962,4.40701717533901e-05,0.000321746922606772
"ENSG00000299227","","lncRNA",18.9780041756451,1.44426924508904,0.422203589812144,4.0842266312331,4.42238540352449e-05,0.000322719586084209
"ENSG00000252481","SCARNA13","scaRNA",20.9795879876043,-1.27598337764776,0.375824438134912,-4.06550995808866,4.79275477074826e-05,0.000346859137697685
"ENSG00000243414","TICAM2","protein_coding",22.3712308361074,1.33700676620249,0.395396107770048,4.05853408619221,4.93817263333989e-05,0.000356239367335178
"ENSG00000100027","YPEL1","protein_coding",16.4921595693201,-1.47469139633832,0.440788540641565,-4.04471473658956,5.23868723510164e-05,0.00037585615510777
"ENSG00000285943","SPICE1-CFAP44","protein_coding",28.1495736031819,1.14523119368422,0.339725636914767,4.01677606536623,5.8999739334795e-05,0.000417416541473122
"ENSG00000251201","TMED7-TICAM2","protein_coding",22.7709647580806,1.28648386062875,0.386211503718692,4.01620097081031,5.91438250834691e-05,0.00041824837666602
"ENSG00000127325","BEST3","protein_coding",6.95393248159382,4.3625811263313,1.30376079791412,4.01584853536157,5.92322898254789e-05,0.000418498807244326
"ENSG00000100985","MMP9","protein_coding",9.51767726065715,2.70897449663844,0.774518628057793,4.01211445617744,6.01773092779804e-05,0.000423657924354617
"ENSG00000289319","","lncRNA",12.8182534957779,1.90790893964603,0.567716138833838,4.00974648816992,6.07839721949771e-05,0.00042735683124784
"ENSG00000169758","TMEM266","protein_coding",20.6686797676631,-1.30093864275815,0.392994917762908,-4.00194883448249,6.28228859294244e-05,0.000439732329773083
"ENSG00000261140","","lncRNA",23.7094667710416,1.26830299062397,0.380015717429029,4.00105118964164,6.30617125249791e-05,0.00044081729663562
"ENSG00000232940","HCG25","lncRNA",24.084184066898,1.3452145952062,0.403635358067208,3.99928055823281,6.35353271040316e-05,0.000443734774555248
"ENSG00000130035","GALNT8","protein_coding",12.3121145049201,1.91894787665912,0.582160547684627,3.96658010953368,7.29112764709672e-05,0.000503422848526236
"ENSG00000295161","","lncRNA",16.2738178565323,1.65095388970002,0.504595852176909,3.96258625787773,7.41422063591818e-05,0.000511250694811543
"ENSG00000162944","RFTN2","protein_coding",13.5298545419146,2.82248671608214,0.813840061185363,3.94778965943138,7.88760568651123e-05,0.000540820316888691
"ENSG00000184557","SOCS3","protein_coding",18.03722939225,1.55037112229256,0.481361460072031,3.94042120850164,8.13386637948635e-05,0.000555051945800848
"ENSG00000173267","SNCG","protein_coding",31.1948412379848,1.15648321209122,0.354953513292818,3.93622804639607,8.27723218372936e-05,0.000563373132712244
"ENSG00000266538","","lncRNA",17.8053300359075,1.53962140987495,0.478655626425466,3.93029550442155,8.48415255106631e-05,0.00057522335538536
"ENSG00000142700","DMRTA2","protein_coding",23.9771940012024,1.17156339225693,0.362401877246664,3.91977582512955,8.86313722757712e-05,0.000598091172110711
"ENSG00000164621","SMAD5-AS1","lncRNA",10.399044613305,3.75385257473439,1.02023081321701,3.91251625142832,9.13393892372747e-05,0.000614787348121366
"ENSG00000175040","CHST2","protein_coding",25.1544748620201,-1.07908473828181,0.333792581012237,-3.90032924529987,9.60619592266315e-05,0.000643007861993452
"ENSG00000170345","FOS","protein_coding",25.8483068769664,1.17689502533709,0.36697443906128,3.89492570317379,9.82288339621333e-05,0.000655011121479534
"ENSG00000130052","STARD8","protein_coding",22.9742442194961,1.19899523982433,0.375193252884745,3.88448594527249,0.000102546624338538,0.000681211828290154
"ENSG00000231742","LINC01273","lncRNA",19.3949919816921,1.37982347546733,0.436654836828289,3.88368910636379,0.000102883444412014,0.000682587091037993
"ENSG00000111816","FRK","protein_coding",29.919380191551,1.04414721938973,0.325258865158891,3.87813183853577,0.000105261672150536,0.000696607970435825
"ENSG00000174004","NRROS","protein_coding",24.0655771040234,1.15386717949235,0.364578902229377,3.8605275730142,0.000113142471810795,0.000741622921909936
"ENSG00000227071","FOCAD-AS1","lncRNA",7.21193273214567,2.77871857187847,0.845690189018235,3.84565015180707,0.000120233209881062,0.000783850972022114
"ENSG00000227543","SPAG5-AS1","lncRNA",7.94206678832195,4.12034732909836,1.30401285462416,3.83935044905105,0.000123360243591609,0.000801917825770421
"ENSG00000135362","PRR5L","protein_coding",20.4352952897992,1.27915664583779,0.40862747759307,3.83843702168108,0.000123819962720401,0.000804574774233841
"ENSG00000168038","ULK4","protein_coding",23.0997114311786,1.16294344964029,0.370956878218592,3.83661273650213,0.000124742945647795,0.000809905124891056
"ENSG00000144891","AGTR1","protein_coding",30.6656948814851,1.03759932640896,0.33156583563447,3.81456008197104,0.000136425743501089,0.000875310677192629
"ENSG00000198535","C2CD4A","protein_coding",10.7489944362111,2.07592940940075,0.665447631687981,3.80086429169957,0.00014419226111775,0.000919903479035478
"ENSG00000106772","PRUNE2","protein_coding",26.3236543195877,1.07702758252849,0.345090399823737,3.7972685760032,0.000146299253102763,0.000932214586511428
"ENSG00000140961","OSGIN1","protein_coding",11.3827707756704,2.04556721361598,0.658130675427133,3.78734152678298,0.000152267739413098,0.00096556596652751
"ENSG00000140835","CHST4","protein_coding",9.31459515650386,2.1746555277523,0.697582952231523,3.78528688512057,0.000153531358756843,0.00097279688638824
"ENSG00000152931","PART1","lncRNA",6.28807932388096,4.05317270008265,1.31847321207992,3.77294591348263,0.000161331271775198,0.00101690909900012
"ENSG00000260160","","lncRNA",9.81508678555285,2.00367629378124,0.653334136014903,3.77142721173575,0.000162316507178885,0.00102107955891598
"ENSG00000124493","GRM4","protein_coding",9.83538214301532,2.28730518292283,0.742286344116342,3.76769962390692,0.000164758779105061,0.00103396947412114
"ENSG00000290786","","lncRNA",8.54329480826382,2.4452262855461,0.7906915257033,3.7501427549177,0.000176733927807664,0.00109820054313569
"ENSG00000112183","RBM24","protein_coding",20.53005847078,1.24227421379416,0.412103309029073,3.73377417101251,0.000188631643073029,0.00116115545562356
"ENSG00000151834","GABRA2","protein_coding",8.46641108144633,2.99475813078768,0.920667695571974,3.72423162014676,0.000195910999312807,0.00120180657983785
"ENSG00000182950","CIMAP1C","protein_coding",9.74256938445973,3.90726174934287,1.29201346762424,3.71750980641334,0.000201196179403653,0.00122843348392084
"ENSG00000249679","","lncRNA",15.324113557031,1.44356047391353,0.487907111875218,3.71624834637199,0.000202202841049224,0.00123410221401687
"ENSG00000295970","","lncRNA",11.1361103230284,1.82907262828356,0.617248363206102,3.70695068696039,0.000209769768879158,0.00127535169310461
"ENSG00000290084","","lncRNA",9.19859035267834,3.5040512325816,1.02781740214363,3.70590764776866,0.0002106350461048,0.00127913361139162
"ENSG00000179930","ZNF648","protein_coding",7.86266287727345,2.46130294916198,0.804524448655571,3.70545038636508,0.000211015433720802,0.00128095055706545
"ENSG00000271849","MAN2A1-DT","lncRNA",14.8883002848296,1.46168300285587,0.497068926202483,3.69218215915583,0.000222338119219205,0.00134348085289981
"ENSG00000305059","","lncRNA",19.8341173290616,1.33640129223711,0.456664903555208,3.67207813332641,0.000240586097146077,0.00143995707688682
"ENSG00000198739","LRRTM3","protein_coding",10.1290290987203,2.87279974128943,0.905704123543744,3.66608585296357,0.000246291269933339,0.00146826921368519
"ENSG00000183463","URAD","protein_coding",9.64499071483257,2.35615268803416,0.781614803869295,3.66082582956695,0.000251403620897855,0.0014939340590981
"ENSG00000103316","CRYM","protein_coding",20.3624688131874,1.20699692293399,0.415178213220589,3.65471015018205,0.000257472693129425,0.00152425766585476
"ENSG00000135604","STX11","protein_coding",12.7137064312248,1.58993618117037,0.55339467159378,3.65460089380162,0.000257582355652138,0.0015243348931447
"ENSG00000117598","PLPPR5","protein_coding",12.2793810312616,1.67120776877521,0.578701414042676,3.65216385333719,0.000260039868931887,0.0015383010919154
"ENSG00000284308","C2orf81","protein_coding",16.535936644389,1.33432656315742,0.476029214439739,3.63815478140009,0.000274598387479689,0.00161353398855383
"ENSG00000274750","H3C6","protein_coding",19.68304546784,1.28020649274336,0.4467429863432,3.63394750471054,0.000279117675905992,0.00163461008640268
"ENSG00000101134","DOK5","protein_coding",9.16722146585286,2.84072463805722,0.922016581505331,3.63027386762824,0.000283120655434046,0.00165620859502519
"ENSG00000165548","TMEM63C","protein_coding",28.485022057974,1.019186090748,0.349237207531861,3.63015214834609,0.000283254203054217,0.00165637567145529
"ENSG00000033327","GAB2","protein_coding",22.8469341548708,1.12679917066961,0.395490436039034,3.61244526784308,0.000303323142099349,0.00176197688251157
"ENSG00000168071","CCDC88B","protein_coding",16.2878177626464,1.31907034832133,0.465079378156651,3.6103360398162,0.000305800560245509,0.00177506086791516
"ENSG00000301571","","lncRNA",7.50253484115693,2.61850108320757,0.873328503604137,3.59579255333382,0.000323405448192813,0.00186490049566448
"ENSG00000261324","","lncRNA",17.5593168252818,1.3073308210329,0.471893313070419,3.56143988102422,0.000368826566534873,0.00208789979914628
"ENSG00000079841","RIMS1","protein_coding",12.9627596419695,1.69854404659046,0.614726748556141,3.55539888761727,0.000377406068553574,0.00213035260950617
"ENSG00000231107","LINC01508","lncRNA",14.4400080586046,1.39652044183953,0.510662290207224,3.5355803392449,0.000406880503034094,0.00227153350897697
"ENSG00000172183","ISG20","protein_coding",24.4560514095485,1.10089039662367,0.397438352293008,3.52838320514435,0.000418106407179142,0.00232152571567066
"ENSG00000135318","NT5E","protein_coding",8.65204916685015,2.12461492149267,0.76858347060476,3.52177703382401,0.00042866451459077,0.00237466293774529
"ENSG00000276728","","lncRNA",25.7525857010298,1.01401936920311,0.367337340585291,3.52039235369728,0.000430908863103116,0.00238625803200346
"ENSG00000290615","RAB6C-AS1","lncRNA",19.7102911132552,1.16712266286823,0.427017168714486,3.50727538132527,0.000452720378051065,0.00249043563616166
"ENSG00000188487","INSC","protein_coding",10.9028470688088,1.94290274066794,0.708656757065783,3.50276240979598,0.000460459982536641,0.00252508764146006
"ENSG00000182901","RGS7","protein_coding",15.6440030579547,-1.25844310323751,0.472764200843621,-3.48346220759378,0.000494972999278824,0.00269129679263457
"ENSG00000247095","MIR210HG","lncRNA",15.4272278220609,-1.29133131674734,0.485587331517997,-3.48342949892138,0.000495033484960735,0.00269129679263457
"ENSG00000270504","","lncRNA",11.1968708256106,1.48338763114781,0.568343143175108,3.46816201602057,0.000524031249406062,0.00282944593493478
"ENSG00000185339","TCN2","protein_coding",19.551794340516,1.07582930602554,0.402249539428501,3.4617409743674,0.000536693418761323,0.00288399593589829
"ENSG00000271874","RAI14-DT","lncRNA",10.4263562756884,1.99950616390617,0.75279052600232,3.4491149987266,0.000562427122362307,0.0030018310925271
"ENSG00000141968","VAV1","protein_coding",20.7460076956769,1.19844790060756,0.465042496179822,3.43856305147747,0.000584810332032457,0.00310658336985726
"ENSG00000309470","","lncRNA",19.3587948476523,-1.04384570053564,0.396616973819704,-3.43521456809404,0.000592084825281432,0.00314205256927856
"ENSG00000275221","H2AC15","protein_coding",8.23640621268042,1.82248162378868,0.706496668993569,3.40394967345479,0.000664189894722691,0.00348600265104454
"ENSG00000166816","LDHD","protein_coding",7.92847576648099,2.14039235083165,0.819308919662296,3.39814645592224,0.000678440897803376,0.00355488609918428
"ENSG00000004777","ARHGAP33","protein_coding",16.9551771018197,-1.12424686552002,0.441930212673701,-3.39421000840899,0.000688268904199892,0.00359206698695392
"ENSG00000136542","GALNT5","protein_coding",11.471200415028,1.66981768082682,0.678673009012998,3.3331228115365,0.000858770260976292,0.0043790621872731
"ENSG00000184564","SLITRK6","protein_coding",8.00128934818188,3.02236977217779,1.07599649588858,3.32129540054347,0.00089600649078901,0.00454142020873672
"ENSG00000173013","CFAP184","protein_coding",15.7385588262721,1.11114395691999,0.455047673682602,3.31208448238821,0.000926035765525141,0.00468121316010578
"ENSG00000261150","EPPK1","protein_coding",16.3714936759487,-1.12534480443245,0.459054583162671,-3.30866273127409,0.000937426890234501,0.00473121690570368
"ENSG00000136099","PCDH8","protein_coding",12.3580089893799,1.38824784297481,0.586102697464635,3.29403528646632,0.000987600996376646,0.00494019686741735
"ENSG00000264895","","lncRNA",11.1427838847718,-1.37405245844403,0.577915616667888,-3.29034270893998,0.00100065428427682,0.00499756968757053
"ENSG00000306994","","lncRNA",12.5808950787876,1.43693602363809,0.598326174751643,3.28888166083385,0.00100586305923592,0.00502040540511392
"ENSG00000165949","IFI27","protein_coding",21.0332424396359,1.03400901591295,0.422000204087686,3.28544980135499,0.00101819683754918,0.00507233707168092
"ENSG00000120549","KIAA1217","protein_coding",16.9466520709501,1.07927889283278,0.445472138284734,3.27999153610485,0.00103810200934523,0.00515846784297313
"ENSG00000197608","ZNF841","protein_coding",15.5424477774398,1.20688558374247,0.503207463912993,3.27824250608104,0.00104455615274792,0.00518727177271135
"ENSG00000162510","MATN1","protein_coding",11.1057600702924,1.4571120393272,0.612956765708159,3.27558852497882,0.00105442062806515,0.00522803087648769
"ENSG00000184908","CLCNKB","protein_coding",17.2767316994287,1.07628917383309,0.448671103180614,3.269012588127,0.0010792350001929,0.0053376459554995
"ENSG00000184838","PRR16","protein_coding",18.5891365348482,1.01942973458298,0.42254741094528,3.26651223659026,0.0010888110214904,0.0053748972109055
"ENSG00000285780","","lncRNA",6.6046455591785,2.9390154306094,1.09068231967588,3.25089841311635,0.00115040955596693,0.00563489958537417
"ENSG00000283415","","lncRNA",17.8039055824892,1.0603939976461,0.442396002119364,3.24458119836899,0.00117623476956482,0.00573114760945772
"ENSG00000185022","MAFF","protein_coding",18.2184915783217,1.16142507319679,0.500056338441883,3.2302297772906,0.00123690766755671,0.00598543698406853
"ENSG00000204305","AGER","protein_coding",10.0338704597213,-1.37907950706018,0.606820980756366,-3.22743248036898,0.00124906515628131,0.00602645289622331
"ENSG00000295471","","lncRNA",6.0903007911253,2.92121281988597,1.10441754406205,3.21854111688522,0.00128844496860832,0.00619473566589583
"ENSG00000188672","RHCE","protein_coding",7.48466019452439,1.74935502756654,0.763175328397876,3.19779598619956,0.00138482214076838,0.00659075080389225
"ENSG00000046774","MAGEC2","protein_coding",10.2243357017173,1.49723991807289,0.68187054237395,3.17998510126946,0.00147282624472068,0.00698010803933861
"ENSG00000055118","KCNH2","protein_coding",14.9554745395181,1.06898116944638,0.492283285872377,3.12465251137802,0.00178015213956185,0.00821212289645244
"ENSG00000164879","CA3","protein_coding",7.15874785232047,2.05098918859592,0.910546777801567,3.11462975901928,0.00184175928208436,0.00846661893748395
"ENSG00000255367","","lncRNA",13.1822433308468,-1.08266729153319,0.497998803282609,-3.11206467781999,0.00185783791099012,0.00853059043122558
"ENSG00000154175","ABI3BP","protein_coding",10.0688492788363,1.48950203350618,0.703276045378351,3.1000649661809,0.00193478200366127,0.00883503782106043
"ENSG00000273004","","lncRNA",9.36948758892947,1.34263140595405,0.658316992103096,3.07592862133402,0.00209848074462766,0.00948577371325172
"ENSG00000294376","","lncRNA",10.8907529122179,1.38066673567215,0.656764047260687,3.07219731188081,0.00212489216479589,0.00958662387302969
"ENSG00000228521","","lncRNA",8.30690064037546,1.72171431970678,0.827737488186717,3.06801267503212,0.00215487477830988,0.0096997031033937
"ENSG00000158246","TENT5B","protein_coding",13.5200219374081,1.17177804501018,0.559742238850801,3.06749471162469,0.00215861280174206,0.00971098778816209
"ENSG00000258122","","lncRNA",13.4308113148929,1.20817524745549,0.586028343921711,3.05951184576445,0.00221698020080179,0.00993955573402949
"ENSG00000270659","","lncRNA",10.338100079391,1.55841876473437,0.760507674847765,3.04272776192914,0.00234444324504864,0.0104192341062345
"ENSG00000254911","SCARNA9","lncRNA",10.0815379074736,-1.32808910622597,0.675571658968443,-3.03514483185424,0.00240420204303393,0.0106338928043023
"ENSG00000160219","GAB3","protein_coding",11.7397694567387,1.31808956135836,0.658844106391672,3.01630367682721,0.00255876855260884,0.0111920408800969
"ENSG00000307175","","lncRNA",13.6099171877789,1.2353594964901,0.6212812310469,3.00082679077184,0.0026924767224539,0.0117087114801971
"ENSG00000159640","ACE","protein_coding",11.3929650925293,1.09664768983778,0.566733205123254,2.97192835346433,0.00295935734561316,0.0126977919069184
"ENSG00000294159","","lncRNA",11.0453370122951,1.30564724587121,0.68777752926083,2.9555428437842,0.00312119343644632,0.0132981552381349
"ENSG00000274818","","lncRNA",10.4037994626522,1.23668061153516,0.668743888265328,2.95200426792303,0.0031571856704853,0.013433365243594
"ENSG00000164362","TERT","protein_coding",9.97147231544158,-1.1230751113505,0.597301818852748,-2.94464256342268,0.00323327951014175,0.013716442815678
"ENSG00000164796","CSMD3","protein_coding",9.34910750218068,1.36056355959678,0.730460149207792,2.93341060669988,0.00335260183395386,0.014135221575171
"ENSG00000182687","GALR2","protein_coding",9.98698447952117,1.16851457590753,0.648373229350808,2.93177234126669,0.00337033712358319,0.0141910351744788
"ENSG00000087494","PTHLH","protein_coding",10.5151557744248,1.23370413911789,0.670352027244443,2.92131060616678,0.00348562130800032,0.014594651639151
"ENSG00000255182","","lncRNA",8.44580862136628,-1.18009573427196,0.650336409418276,-2.91916967872349,0.00350965131255052,0.0146863645361764
"ENSG00000294698","","lncRNA",6.2883826507986,1.82872098707682,0.972644670789387,2.91133959256661,0.00359882640789317,0.0150168432259536
"ENSG00000168676","KCTD19","protein_coding",9.33818219730279,-1.11606253461643,0.612494206184002,-2.90962496454244,0.00361862691316549,0.0150874938713034
"ENSG00000229953","BCAN-AS2","lncRNA",6.9237826845655,1.64385873408791,0.921758046380113,2.8907216040841,0.00384358439918805,0.0158619490101987
"ENSG00000175793","SFN","protein_coding",6.55398988224905,1.61532351116491,0.940439068421586,2.85975562787075,0.00423967570295073,0.0172084804644851
"ENSG00000272501","","lncRNA",10.2731725499798,1.2245939899883,0.716625602246823,2.82953335379413,0.00466159407716686,0.0185487943897759
"ENSG00000187720","THSD4","protein_coding",7.24340455623857,-1.16682035266714,0.720343936200849,-2.82188763700843,0.00477419012665326,0.0189395015409124
"ENSG00000072952","IRAG1","protein_coding",5.67159931212975,1.96319699759955,1.07219645354466,2.82039885679886,0.00479639911511535,0.01900848752554
"ENSG00000213760","ATP6V1G2","protein_coding",7.40064932236538,1.23593551130252,0.791875814260776,2.77613027703902,0.00550101612049485,0.0213504382123117
"ENSG00000264745","TTC39C-AS1","lncRNA",9.93797813446255,1.05879463798061,0.663738084651046,2.77594925716447,0.00550407980136446,0.0213570750187228
"ENSG00000103534","TMC5","protein_coding",12.1020555488343,1.03028364305308,0.6623579604955,2.72683669548351,0.00639446773887006,0.0242688278845689
"ENSG00000228528","","lncRNA",6.01012068484537,1.34786316474843,0.973866432545797,2.70609722991373,0.00680791100579864,0.0255629582545174
"ENSG00000254554","ADM-DT","lncRNA",7.12301832872747,1.29556278679456,0.922691432816168,2.69385804740987,0.00706302386841247,0.026300053710631
"ENSG00000305889","","lncRNA",8.4126222496803,1.04859091896884,0.741286922201257,2.68122697375965,0.00733527443988735,0.0271599682793013
"ENSG00000285804","","lncRNA",7.32520155235688,1.21256533162652,0.892238690361252,2.68101443273306,0.0073399350183886,0.0271708481429181
"ENSG00000302562","","lncRNA",6.68172421530588,1.33077502596956,1.03171823890664,2.63976403942161,0.00829637683634833,0.0301594325684488
"ENSG00000233797","UFL1-AS1","lncRNA",8.77433488820407,1.09721919302074,0.895998032782117,2.59030195089732,0.00958917805779289,0.0339817523756712
"ENSG00000138119","MYOF","protein_coding",7.2763342533149,1.03188479186201,0.935460419458979,2.5888247898261,0.00963040810415096,0.0340656644471193
